Transaction Number,Transaction Date,Transaction Type,Transaction sub type,Registration type,Is Free Hold?,Usage,Area,Property Type,Property Sub Type,Amount,Transaction Size (sq.m),Property Size (sq.m),Room(s),Parking,Nearest Metro,Nearest Mall,Nearest Landmark,No. of Buyer,No. of Seller,Master Project,Project
"102-11681-2023","2023-03-09 15:35:39","Sales","Sell - Pre registration","Off-Plan","Free Hold","Residential","DUBAI LAND RESIDENCE COMPLEX","Unit","Flat","400864","40.92","40.92","Studio","1","","","IMG World Adventures","1","1","","AG SQUARE"
"102-11682-2023","2023-03-09 15:40:20","Sales","Sell - Pre registration","Off-Plan","Free Hold","Residential","Al Hebiah Sixth","Building","Villa","2045000","181.87","181.87","3 B/R","","","","","2","1","","Mudon Al Ranim 3"
"102-11683-2023","2023-03-09 19:38:13","Sales","Sell - Pre registration","Off-Plan","Free Hold","Residential","ARJAN","Unit","Flat","471185","38.56","38.56","Studio","1","Sharaf Dg Metro Station","Mall of the Emirates","Motor City","1","1","","JOYA DORADO RESIDENCE"
"102-11684-2023","2023-03-09 20:32:05","Sales","Sell - Pre registration","Off-Plan","Free Hold","Residential","Al Yufrah 1","Building","Villa","1780888","137.76","137.76","3 B/R","","","","","1","1","","The Valley - Elora"
"102-11685-2023","2023-03-09 20:36:10","Sales","Sell - Pre registration","Off-Plan","Free Hold","Residential","Al Yufrah 1","Building","Villa","1643888","137.76","137.76","3 B/R","","","","","1","1","","The Valley - Elora"
"102-11686-2023","2023-03-09 20:53:00","Sales","Sell - Pre registration","Off-Plan","Free Hold","Residential","DUBAI HARBOUR","Unit","Flat","3868888","132.12","132.12","2 B/R","1","","","","2","1","","Address The Bay"
"102-11687-2023","2023-03-09 20:57:00","Sales","Sell - Pre registration","Off-Plan","Free Hold","Residential","JUMEIRAH LAKES TOWERS","Unit","Flat","704617","64.42","64.42","Studio","1","Damac Properties","Marina Mall","Burj Al Arab","1","1","","SEVEN CITY JLT"
"102-11688-2023","2023-03-09 20:59:07","Sales","Sell - Pre registration","Off-Plan","Free Hold","Residential","JUMEIRAH VILLAGE CIRCLE","Unit","Flat","1050828","74.64","74.64","1 B/R","1","Dubai Internet City","Mall of the Emirates","Sports City Swimming Academy","1","1","","OAKLEY SQUARE RESIDENCES"
"102-11689-2023","2023-03-09 21:11:55","Sales","Sell - Pre registration","Off-Plan","Free Hold","Residential","Al Yufrah 1","Building","Villa","1643888","137.76","137.76","3 B/R","","","","","1","1","","The Valley - Elora"
"102-11690-2023","2023-03-09 21:20:53","Sales","Sell - Pre registration","Off-Plan","Free Hold","Residential","JUMEIRAH LAKES TOWERS","Unit","Flat","1488457","141.31","141.31","3 B/R","1","Damac Properties","Marina Mall","Burj Al Arab","1","1","","SEVEN CITY JLT"
"102-11691-2023","2023-03-09 21:25:49","Sales","Sell - Pre registration","Off-Plan","Free Hold","Residential","SOBHA HEARTLAND","Unit","Flat","982790","47.43","47.43","1 B/R","1","","","","1","1","","Sobha Hartland - The Crest"
"102-11692-2023","2023-03-09 21:34:08","Sales","Sell - Pre registration","Off-Plan","Free Hold","Residential","Al Yufrah 1","Building","Villa","1640888","137.76","137.76","3 B/R","","","","","1","1","","The Valley - Elora"
"102-11693-2023","2023-03-09 21:40:04","Sales","Sell - Pre registration","Off-Plan","Free Hold","Residential","ARJAN","Unit","Flat","817000","77.96","77.96","2 B/R","1","Sharaf Dg Metro Station","Mall of the Emirates","Motor City","2","1","","TORINO BY ORO24"
"102-11694-2023","2023-03-09 21:42:57","Sales","Sell - Pre registration","Off-Plan","Free Hold","Residential","JUMEIRAH VILLAGE CIRCLE","Unit","Flat","990828","74.19","74.19","1 B/R","1","Dubai Internet City","Mall of the Emirates","Sports City Swimming Academy","1","1","","OAKLEY SQUARE RESIDENCES"
"102-11695-2023","2023-03-09 21:49:47","Sales","Sell - Pre registration","Off-Plan","Free Hold","Residential","DUBAI HARBOUR","Unit","Flat","6665888","160.48","160.48","2 B/R","1","","","","2","1","","Address The Bay"
"102-11696-2023","2023-03-10 06:49:16","Sales","Sell - Pre registration","Off-Plan","Free Hold","Residential","Al Yufrah 1","Building","Villa","2301888","331.58","331.58","4 B/R","","","","","1","1","","The Valley - Elora"
"102-11697-2023","2023-03-10 06:51:30","Sales","Sell - Pre registration","Off-Plan","Free Hold","Residential","JUMEIRAH LAKES TOWERS","Unit","Flat","491177","35.82","35.82","Studio","1","Damac Properties","Marina Mall","Burj Al Arab","1","1","","SEVEN CITY JLT"
"102-11698-2023","2023-03-10 06:58:32","Sales","Sell - Pre registration","Off-Plan","Free Hold","Residential","DUBAI MARINA","Unit","Hotel Rooms","635000","7.43","7.43","Studio","","Mina Seyahi","Marina Mall","Burj Al Arab","1","1","","Ciel"
"102-11699-2023","2023-03-10 07:01:24","Sales","Sell - Pre registration","Off-Plan","Free Hold","Residential","JUMEIRAH VILLAGE CIRCLE","Unit","Flat","1531922.1","139.21","139.21","2 B/R","1","Dubai Internet City","Mall of the Emirates","Sports City Swimming Academy","1","1","","Catch Residences By IGO "
"102-11700-2023","2023-03-10 07:02:46","Sales","Sell - Pre registration","Off-Plan","Free Hold","Residential","JUMEIRAH VILLAGE CIRCLE","Unit","Flat","1547961.6","144.14","144.14","2 B/R","1","Dubai Internet City","Mall of the Emirates","Sports City Swimming Academy","1","1","","Catch Residences By IGO "
"102-11701-2023","2023-03-10 07:04:17","Sales","Sell - Pre registration","Off-Plan","Free Hold","Residential","JUMEIRAH VILLAGE CIRCLE","Unit","Flat","1620691.58","139.56","139.56","2 B/R","1","Dubai Internet City","Mall of the Emirates","Sports City Swimming Academy","1","1","","Catch Residences By IGO "
"102-11702-2023","2023-03-10 07:06:33","Sales","Sell - Pre registration","Off-Plan","Free Hold","Residential","Madinat Dubai Almelaheyah","Unit","Flat","5235596","277.02","277.02","3 B/R","2","","","","1","1","","Seascape"
"102-11703-2023","2023-03-10 07:08:03","Sales","Sell - Pre registration","Off-Plan","Free Hold","Residential","Madinat Dubai Almelaheyah","Unit","Flat","4805527","250.75","250.75","3 B/R","2","","","","1","1","","Seascape"
"102-11704-2023","2023-03-10 07:10:48","Sales","Sell - Pre registration","Off-Plan","Free Hold","Residential","Madinat Dubai Almelaheyah","Unit","Flat","4804567","250.67","250.67","3 B/R","2","","","","1","1","","Seascape"
"102-11705-2023","2023-03-10 07:11:11","Sales","Sell - Pre registration","Off-Plan","Free Hold","Residential","Wadi Al Safa 5","Building","Villa","2211888","149.66","149.66","3 B/R","","","","","1","1","","Arabian Ranches lll - Anya"
"102-11706-2023","2023-03-10 07:12:19","Sales","Sell - Pre registration","Off-Plan","Free Hold","Residential","Madinat Dubai Almelaheyah","Unit","Flat","2448789","136.52","136.52","2 B/R","1","","","","1","1","","Seascape"
"102-11707-2023","2023-03-10 07:14:05","Sales","Sell - Pre registration","Off-Plan","Free Hold","Residential","Wadi Al Safa 7","Building","Villa","356853","73.14","73.14","1 B/R","","","","","1","1","","Rukan 3"
"102-11708-2023","2023-03-10 07:14:19","Sales","Sell - Pre registration","Off-Plan","Free Hold","Residential","Madinat Dubai Almelaheyah","Unit","Flat","2598545","122.2","122.2","2 B/R","1","","","","1","1","","Seascape"
"102-11709-2023","2023-03-10 07:15:57","Sales","Sell - Pre registration","Off-Plan","Free Hold","Residential","Madinat Dubai Almelaheyah","Unit","Flat","2409430","129.15","129.15","2 B/R","1","","","","1","1","","Seascape"
"102-11710-2023","2023-03-10 07:16:10","Sales","Sell - Pre registration","Off-Plan","Free Hold","Residential","Wadi Al Safa 7","Building","Villa","472113","96.2","96.2","2 B/R","","","","","1","1","","Rukan 3"
"102-11711-2023","2023-03-10 07:18:02","Sales","Sell - Pre registration","Off-Plan","Free Hold","Residential","DUBAI HARBOUR","Unit","Flat","2287888","78.49","78.49","1 B/R","1","","","","1","1","","Address The Bay"
"102-11712-2023","2023-03-10 07:19:36","Sales","Sell - Pre registration","Off-Plan","Free Hold","Residential","DUBAI HARBOUR","Unit","Flat","7269888","183.04","183.04","3 B/R","2","","","","1","1","","Address The Bay"
"102-11713-2023","2023-03-10 07:21:25","Sales","Sell - Pre registration","Off-Plan","Free Hold","Residential","JUMEIRAH VILLAGE CIRCLE","Unit","Flat","1593828","120.57","120.57","2 B/R","1","Nakheel Metro Station","Marina Mall","Sports City Swimming Academy","1","1","","HAMILTON HOUSE"
"102-11714-2023","2023-03-10 07:22:04","Sales","Sell - Pre registration","Off-Plan","Free Hold","Residential","ARJAN","Unit","Flat","425220","38.48","38.48","Studio","1","Sharaf Dg Metro Station","Mall of the Emirates","Motor City","1","1","","JOYA DORADO RESIDENCE"
"102-11715-2023","2023-03-10 07:23:24","Sales","Sell - Pre registration","Off-Plan","Free Hold","Residential","JUMEIRAH VILLAGE CIRCLE","Unit","Flat","871828","74.43","74.43","1 B/R","1","Dubai Internet City","Mall of the Emirates","Sports City Swimming Academy","1","1","","OAKLEY SQUARE RESIDENCES"
"102-11716-2023","2023-03-10 07:24:37","Sales","Sell - Pre registration","Off-Plan","Free Hold","Residential","ARJAN","Unit","Flat","645442","70.98","70.98","1 B/R","1","Sharaf Dg Metro Station","Mall of the Emirates","Motor City","1","1","","JOYA DORADO RESIDENCE"
"102-11717-2023","2023-03-10 07:25:46","Sales","Sell - Pre registration","Off-Plan","Free Hold","Residential","JUMEIRAH VILLAGE CIRCLE","Unit","Flat","998828","73.61","73.61","1 B/R","1","Nakheel Metro Station","Marina Mall","Sports City Swimming Academy","1","1","","HAMILTON HOUSE"
"102-11718-2023","2023-03-10 07:26:05","Sales","Sell - Pre registration","Off-Plan","Free Hold","Residential","ARJAN","Unit","Flat","750000","70.98","70.98","1 B/R","1","Sharaf Dg Metro Station","Mall of the Emirates","Motor City","1","1","","JOYA DORADO RESIDENCE"
"102-11719-2023","2023-03-10 07:27:53","Sales","Sell - Pre registration","Off-Plan","Free Hold","Residential","MEYDAN ONE","Unit","Flat","760000","51.66","51.66","1 B/R","1","Buj Khalifa Dubai Mall Metro Station","Dubai Mall","Downtown Dubai","1","1","","Azizi Riviera 25"
"102-11720-2023","2023-03-10 07:28:39","Sales","Sell - Pre registration","Off-Plan","Free Hold","Residential","ARJAN","Unit","Flat","476661","38.87","38.87","Studio","1","Sharaf Dg Metro Station","Mall of the Emirates","Motor City","2","1","","JOYA DORADO RESIDENCE"
"102-11721-2023","2023-03-10 07:30:53","Sales","Sell - Pre registration","Off-Plan","Free Hold","Residential","ARJAN","Unit","Flat","450813","38.57","38.57","Studio","1","Sharaf Dg Metro Station","Mall of the Emirates","Motor City","2","1","","JOYA DORADO RESIDENCE"
"102-11722-2023","2023-03-10 07:33:02","Sales","Sell - Pre registration","Off-Plan","Free Hold","Residential","ARJAN","Unit","Flat","630849","70.97","70.97","1 B/R","1","Sharaf Dg Metro Station","Mall of the Emirates","Motor City","1","1","","JOYA DORADO RESIDENCE"
"102-11723-2023","2023-03-10 07:33:06","Sales","Sell - Pre registration","Off-Plan","Free Hold","Residential","DUBAI MARINA","Unit","Flat","1457347","73.61","73.61","1 B/R","1","Jumeirah Lakes Towers","Marina Mall","Sports City Swimming Academy","1","1","","Marina Living"
"102-11724-2023","2023-03-10 07:36:07","Sales","Sell - Pre registration","Off-Plan","Free Hold","Residential","Hadaeq Sheikh Mohammed Bin Rashid","Unit","Flat","1433684","65.4","65.4","1 B/R","1","","","","1","1","","Elvira"
"102-11725-2023","2023-03-10 07:42:48","Sales","Sell - Pre registration","Off-Plan","Free Hold","Residential","SOBHA HEARTLAND","Unit","Flat","950828","48.36","48.36","Studio","1","Buj Khalifa Dubai Mall Metro Station","Dubai Mall","Downtown Dubai","1","1","","WILTON PARK RESIDENCES "
"102-11726-2023","2023-03-10 07:44:20","Sales","Sell - Pre registration","Off-Plan","Free Hold","Residential","Al Yufrah 1","Building","Villa","1784888","137.76","137.76","3 B/R","","","","","1","1","","The Valley - Elora"
"102-11727-2023","2023-03-10 07:46:57","Sales","Sell - Pre registration","Off-Plan","Free Hold","Residential","Al Yufrah 1","Building","Villa","2281888","305.89","305.89","4 B/R","","","","","2","1","","The Valley - Elora"
"102-11728-2023","2023-03-10 07:47:53","Sales","Sell - Pre registration","Off-Plan","Free Hold","Residential","DUBAI MARINA","Unit","Flat","1395296","72.9","72.9","1 B/R","1","Jumeirah Lakes Towers","Marina Mall","Sports City Swimming Academy","1","1","","Marina Living"
"102-11729-2023","2023-03-10 07:50:26","Sales","Sell - Pre registration","Off-Plan","Free Hold","Residential","Al Yufrah 1","Building","Villa","1640888","137.76","137.76","3 B/R","","","","","2","1","","The Valley - Elora"
"102-11730-2023","2023-03-10 07:53:03","Sales","Sell - Pre registration","Off-Plan","Free Hold","Residential","Al Yufrah 1","Building","Villa","1643888","137.76","137.76","3 B/R","","","","","1","1","","The Valley - Elora"
"102-11731-2023","2023-03-10 07:53:05","Sales","Sell - Pre registration","Off-Plan","Free Hold","Residential","JUMEIRAH VILLAGE CIRCLE","Unit","Flat","660000","37.14","37.14","Studio","1","Dubai Internet City","Mall of the Emirates","Sports City Swimming Academy","2","1","","Maimoon Gardens"
"102-11732-2023","2023-03-10 07:56:58","Sales","Sell - Pre registration","Off-Plan","Free Hold","Residential","Hadaeq Sheikh Mohammed Bin Rashid","Unit","Flat","1211888","62.8","62.8","1 B/R","1","","","","1","1","","Hills Park"
"102-11733-2023","2023-03-10 08:06:38","Sales","Sell - Pre registration","Off-Plan","Free Hold","Residential","JUMEIRAH VILLAGE CIRCLE","Unit","Flat","565000","36.22","36.22","Studio","1","Dubai Internet City","Mall of the Emirates","Sports City Swimming Academy","2","1","","Maimoon Gardens"
"102-11734-2023","2023-03-10 08:08:28","Sales","Sell - Pre registration","Off-Plan","Free Hold","Residential","Hadaeq Sheikh Mohammed Bin Rashid","Unit","Flat","2069888","98.88","98.88","2 B/R","1","","","","1","1","","Elvira"
"102-11735-2023","2023-03-10 08:13:45","Sales","Sell - Pre registration","Off-Plan","Free Hold","Residential","Hadaeq Sheikh Mohammed Bin Rashid","Unit","Flat","1442888","67","67","1 B/R","1","","","","2","1","","Elvira"
"102-11736-2023","2023-03-10 08:27:25","Sales","Sell - Pre registration","Off-Plan","Free Hold","Residential","Um Suqaim Third","Unit","Flat","1700000","92.64","92.64","1 B/R","1","","","","2","1","","Al Jazi - Madinat Jumeriah Living "
"102-11737-2023","2023-03-10 08:35:53","Sales","Sell - Pre registration","Off-Plan","Free Hold","Residential","Al Yufrah 1","Building","Villa","2105888","252","252","4 B/R","","","","","1","1","","The Valley - Elora"
"102-11738-2023","2023-03-10 08:48:08","Sales","Sell - Pre registration","Off-Plan","Free Hold","Residential","Hadaeq Sheikh Mohammed Bin Rashid","Unit","Flat","1246888","62.8","62.8","1 B/R","1","","","","1","1","","Hills Park"
"102-11739-2023","2023-03-10 09:01:23","Sales","Sell - Pre registration","Off-Plan","Free Hold","Residential","BURJ KHALIFA","Unit","Flat","1822000","69.34","69.34","1 B/R","1","Buj Khalifa Dubai Mall Metro Station","Dubai Mall","Downtown Dubai","1","1","","ELEGANCE TOWER"
"102-11740-2023","2023-03-10 09:05:08","Sales","Sell - Pre registration","Off-Plan","Free Hold","Residential","DUBAI HILLS","Unit","Flat","1186888","60.85","60.85","1 B/R","1","First Abu Dhabi Bank Metro Station","Mall of the Emirates","Motor City","1","1","","Park Horizon"
"102-11741-2023","2023-03-10 09:06:02","Sales","Sell - Pre registration","Off-Plan","Free Hold","Residential","SOBHA HEARTLAND","Unit","Flat","1103160","53.44","53.44","1 B/R","1","","","","1","1","","Sobha Hartland - The Crest"
"102-11742-2023","2023-03-10 09:07:24","Sales","Sell - Pre registration","Off-Plan","Free Hold","Residential","TECOM SITE A","Unit","Flat","15036984","447.24","447.24","4 B/R","3","Dubai Internet City","Marina Mall","Burj Al Arab","1","1","","THE S TOWER"
"102-11743-2023","2023-03-10 09:08:39","Sales","Sell - Pre registration","Off-Plan","Free Hold","Residential","SOBHA HEARTLAND","Unit","Flat","1134248","54.74","54.74","1 B/R","1","","","","1","1","","Sobha Hartland - The Crest"
"102-11744-2023","2023-03-10 09:10:03","Sales","Sell - Pre registration","Off-Plan","Free Hold","Residential","SOBHA HEARTLAND","Unit","Flat","2973605","143.51","143.51","3 B/R","2","","","","1","1","","Sobha Hartland - The Crest"
"102-11745-2023","2023-03-10 09:11:38","Sales","Sell - Pre registration","Off-Plan","Free Hold","Residential","SOBHA HEARTLAND","Unit","Flat","1137560","54.9","54.9","1 B/R","1","","","","1","1","","Sobha Hartland - The Crest"
"102-11746-2023","2023-03-10 09:12:51","Sales","Sell - Pre registration","Off-Plan","Free Hold","Residential","JUMEIRAH VILLAGE CIRCLE","Unit","Flat","1330000","89.99","89.99","2 B/R","1","Dubai Internet City","Mall of the Emirates","Sports City Swimming Academy","1","1","","Maimoon Gardens"
"102-11747-2023","2023-03-10 09:15:25","Sales","Sell - Pre registration","Off-Plan","Free Hold","Residential","DUBAI MARINA","Unit","Hotel Rooms","1267591","14.82","14.82","Studio","","Mina Seyahi","Marina Mall","Burj Al Arab","1","1","","Ciel"
"102-11748-2023","2023-03-10 09:17:18","Sales","Sell - Pre registration","Off-Plan","Free Hold","Residential","BURJ KHALIFA","Unit","Flat","2550000","108.74","109.59","2 B/R","1","Buj Khalifa Dubai Mall Metro Station","Dubai Mall","Burj Khalifa","1","1","","FORTE"
"102-11749-2023","2023-03-10 09:18:31","Sales","Sell - Pre registration","Off-Plan","Free Hold","Residential","JUMEIRAH VILLAGE CIRCLE","Unit","Flat","655000","37.14","37.14","Studio","1","Dubai Internet City","Mall of the Emirates","Sports City Swimming Academy","2","1","","Maimoon Gardens"
"102-11750-2023","2023-03-10 09:20:41","Sales","Sell - Pre registration","Off-Plan","Free Hold","Residential","BURJ KHALIFA","Unit","Flat","2428000","100.66","100.66","2 B/R","1","Buj Khalifa Dubai Mall Metro Station","Dubai Mall","Downtown Dubai","1","1","","ELEGANCE TOWER"
"102-11751-2023","2023-03-10 09:21:38","Sales","Sell - Pre registration","Off-Plan","Free Hold","Residential","DUBAI HARBOUR","Unit","Flat","8200000","160.48","160.48","2 B/R","1","","","","1","2","","Address The Bay"
"102-11752-2023","2023-03-10 09:21:40","Sales","Sell - Pre registration","Off-Plan","Free Hold","Residential","DUBAI HARBOUR","Unit","Flat","9500000","180.46","180.46","3 B/R","2","","","","1","2","","Address The Bay"
"102-11753-2023","2023-03-10 09:22:46","Sales","Sell - Pre registration","Off-Plan","Free Hold","Residential","JUMEIRAH VILLAGE CIRCLE","Unit","Flat","955000","56.02","56.02","1 B/R","1","Dubai Internet City","Mall of the Emirates","Sports City Swimming Academy","1","1","","Maimoon Gardens"
"102-11754-2023","2023-03-10 09:22:56","Sales","Sell - Pre registration","Off-Plan","Free Hold","Residential","JUMEIRAH VILLAGE CIRCLE","Unit","Flat","540000","36.05","36.05","Studio","1","Dubai Internet City","Mall of the Emirates","Sports City Swimming Academy","1","1","","Maimoon Gardens"
"102-11755-2023","2023-03-10 09:25:33","Sales","Sell - Pre registration","Off-Plan","Free Hold","Residential","PALM JUMEIRAH","Unit","Flat","24848000","628.67","628.67","4 B/R","3","Mina Seyahi","Marina Mall","Burj Al Arab","2","1","","SERENIA LIVING"
"102-11756-2023","2023-03-10 09:27:53","Sales","Sell - Pre registration","Off-Plan","Free Hold","Residential","BUSINESS BAY","Unit","Flat","1586000","66.3","66.3","1 B/R","1","Business Bay Metro Station","Dubai Mall","Downtown Dubai","2","1","","AYKON CITY 3"
"102-11757-2023","2023-03-10 09:29:40","Sales","Sell - Pre registration","Off-Plan","Free Hold","Residential","ARJAN","Unit","Flat","479739","38.57","38.57","Studio","1","Sharaf Dg Metro Station","Mall of the Emirates","Motor City","1","1","","JOYA DORADO RESIDENCE"
"102-11758-2023","2023-03-10 09:30:02","Sales","Sell - Pre registration","Off-Plan","Free Hold","Residential","SOBHA HEARTLAND","Unit","Flat","1455828","77.33","77.33","1 B/R","1","Buj Khalifa Dubai Mall Metro Station","Dubai Mall","Downtown Dubai","2","1","","WILTON PARK RESIDENCES "
"102-11759-2023","2023-03-10 09:31:29","Sales","Sell - Pre registration","Off-Plan","Free Hold","Residential","SOBHA HEARTLAND","Unit","Flat","2671284","128.92","128.92","2 B/R","1","","","","1","1","","Sobha Hartland - The Crest"
"102-11760-2023","2023-03-10 09:32:38","Sales","Sell - Pre registration","Off-Plan","Free Hold","Residential","JUMEIRAH VILLAGE CIRCLE","Unit","Flat","660000","36.22","36.22","Studio","1","Dubai Internet City","Mall of the Emirates","Sports City Swimming Academy","1","1","","Maimoon Gardens"
"102-11761-2023","2023-03-10 09:34:46","Sales","Sell - Pre registration","Off-Plan","Free Hold","Residential","JUMEIRAH VILLAGE CIRCLE","Unit","Flat","635000","36.05","36.05","Studio","1","Dubai Internet City","Mall of the Emirates","Sports City Swimming Academy","2","1","","Maimoon Gardens"
"102-11762-2023","2023-03-10 09:36:34","Sales","Sell - Pre registration","Off-Plan","Free Hold","Residential","Hadaeq Sheikh Mohammed Bin Rashid","Unit","Flat","1442639","65.21","65.21","1 B/R","1","","","","1","1","","Elvira"
"102-11763-2023","2023-03-10 09:39:16","Sales","Sell - Pre registration","Off-Plan","Free Hold","Residential","DUBAI HARBOUR","Unit","Flat","5225000","110.21","110.07","2 B/R","M-17","","","","1","1","","BEACH ISLE"
"102-11764-2023","2023-03-10 09:40:44","Sales","Sell - Pre registration","Off-Plan","Free Hold","Residential","DUBAI CREEK HARBOUR","Unit","Flat","1600000","91.41","92.71","2 B/R","G-1D-128","Creek Metro Station","City Centre Mirdif","Dubai International Airport","1","1","","Creek Beach - Summer"
"102-11765-2023","2023-03-10 09:40:53","Sales","Sell - Pre registration","Off-Plan","Non Free Hold","Residential","SILICON OASIS","Unit","Flat","1230972.23","115.83","115.83","2 B/R","1","","","IMG World Adventures","1","1","","TRIA BY DEYAAR"
"102-11766-2023","2023-03-10 09:43:13","Sales","Sell - Pre registration","Off-Plan","Free Hold","Residential","JUMEIRAH VILLAGE CIRCLE","Unit","Flat","650000","36.05","36.05","Studio","1","Dubai Internet City","Mall of the Emirates","Sports City Swimming Academy","1","1","","Maimoon Gardens"
"102-11767-2023","2023-03-10 09:49:33","Sales","Sell - Pre registration","Off-Plan","Free Hold","Residential","SOBHA HEARTLAND","Unit","Flat","1185000","57.85","58.14","1 B/R","P3-41","Buj Khalifa Dubai Mall Metro Station","Dubai Mall","Downtown Dubai","1","1","","Sobha Hartland Waves"
"102-11768-2023","2023-03-10 09:54:58","Sales","Sell - Pre registration","Off-Plan","Free Hold","Residential","DUBAI HARBOUR","Unit","Flat","4600000","124.94","124.94","2 B/R","1","","","","1","2","","Address The Bay"
"102-11769-2023","2023-03-10 10:10:31","Sales","Sell - Pre registration","Off-Plan","Free Hold","Residential","Al Yufrah 1","Building","Villa","1640888","137.76","137.76","3 B/R","","","","","1","1","","The Valley - Elora"
"102-11770-2023","2023-03-10 10:11:36","Sales","Sell - Pre registration","Off-Plan","Free Hold","Residential","Wadi Al Safa 3","Building","Villa","8196624.7","442","442","5 B/R","","","","","1","1","","CHORISIA 2 VILLAS"
"102-11771-2023","2023-03-10 10:11:47","Sales","Sell - Pre registration","Off-Plan","Free Hold","Residential","ARABIAN RANCHES III","Building","Villa","2725000","249.2","249.2","4 B/R","","","","Hamdan Sports Complex","1","1","","Arabian Ranches lll - Ruba"
"102-11772-2023","2023-03-10 10:12:40","Sales","Sell - Pre registration","Off-Plan","Free Hold","Residential","DUBAI CREEK HARBOUR","Unit","Flat","4800000","224.14","224.14","3 B/R","2","Creek Metro Station","City Centre Mirdif","Dubai International Airport","1","1","","Creek Beach - Grove"
"102-11773-2023","2023-03-10 10:13:58","Sales","Sell - Pre registration","Off-Plan","Free Hold","Residential","Al Yufrah 1","Building","Villa","1643888","137.76","137.76","3 B/R","","","","","2","1","","The Valley - Elora"
"102-11774-2023","2023-03-10 10:14:54","Sales","Sell - Pre registration","Off-Plan","Free Hold","Residential","Al Yufrah 1","Building","Villa","1598888","174","174","3 B/R","","","","","1","1","","The Valley - Talia"
"102-11775-2023","2023-03-10 10:15:53","Sales","Sell - Pre registration","Off-Plan","Free Hold","Residential","Wadi Al Safa 7","Building","Villa","616383","81.35","81.35","1 B/R","","","","","2","1","","Rukan 3"
"102-11776-2023","2023-03-10 10:17:35","Sales","Sell - Pre registration","Off-Plan","Free Hold","Residential","Wadi Al Safa 3","Building","Villa","8196624.7","442","442","5 B/R","","","","","1","1","","CHORISIA 2 VILLAS"
"102-11777-2023","2023-03-10 10:18:18","Sales","Sell - Pre registration","Off-Plan","Free Hold","Residential","Wadi Al Safa 7","Building","Villa","313862","52.87","52.87","1 B/R","","","","","1","1","","Rukan 3"
"102-11778-2023","2023-03-10 10:20:03","Sales","Sell - Pre registration","Off-Plan","Free Hold","Residential","LA MER","Unit","Flat","3060000","100.89","100.89","2 B/R","1","Trade Centre Metro Station","Dubai Mall","Burj Khalifa","2","1","","Port De La Mer - La Voile"
"102-11779-2023","2023-03-10 10:21:09","Sales","Sell - Pre registration","Off-Plan","Free Hold","Residential","DUBAI CREEK HARBOUR","Unit","Flat","1300000","64.57","64.25","1 B/R","P2-BA-308","Creek Metro Station","City Centre Mirdif","Dubai International Airport","1","1","","Creek Beach - VIDA Residences"
"102-11780-2023","2023-03-10 10:21:10","Sales","Sell - Pre registration","Off-Plan","Free Hold","Residential","DUBAI CREEK HARBOUR","Unit","Flat","3250000","168.26","168.26","3 B/R","2","Creek Metro Station","City Centre Mirdif","Dubai International Airport","1","1","","Palace Residences - Dubai Creek Harbour"
"102-11781-2023","2023-03-10 10:22:19","Sales","Sell - Pre registration","Off-Plan","Free Hold","Residential","SOBHA HEARTLAND","Unit","Flat","1138387","54.94","54.94","1 B/R","1","","","","1","1","","Sobha Hartland - The Crest"
"102-11782-2023","2023-03-10 10:28:35","Sales","Sell - Pre registration","Off-Plan","Free Hold","Residential","DUBAI HARBOUR","Unit","Flat","4275000","108.44","108.64","2 B/R","1","","","","1","1","","Grand Bleu Tower interiors by Elie Saab"
"102-11783-2023","2023-03-10 10:37:24","Sales","Sell - Pre registration","Off-Plan","Free Hold","Residential","PALM JUMEIRAH","Unit","Hotel Apartment","2675000","78.26","78.26","1 B/R","1","Palm Jumeirah","Marina Mall","Burj Al Arab","1","1","","Seven Hotel and Apartments The Palm"
"102-11784-2023","2023-03-10 10:42:24","Sales","Sell - Pre registration","Off-Plan","Free Hold","Residential","Wadi Al Safa 7","Building","Villa","313862","52.87","52.87","1 B/R","","","","","1","1","","Rukan 3"
"102-11785-2023","2023-03-10 10:43:45","Sales","Sell - Pre registration","Off-Plan","Free Hold","Residential","Wadi Al Safa 7","Building","Villa","313863","52.87","52.87","1 B/R","","","","","1","1","","Rukan 3"
"102-11786-2023","2023-03-10 10:44:29","Sales","Sell - Pre registration","Off-Plan","Free Hold","Residential","Wadi Al Safa 7","Building","Villa","570600","52.88","52.88","1 B/R","","","","","1","1","","Rukan 3"
"102-11787-2023","2023-03-10 10:45:11","Sales","Sell - Pre registration","Off-Plan","Free Hold","Residential","Wadi Al Safa 7","Building","Villa","500000","71.76","71.76","1 B/R","","","","","1","1","","Rukan 3"
"102-11788-2023","2023-03-10 10:45:52","Sales","Sell - Pre registration","Off-Plan","Free Hold","Residential","DUBAI SCIENCE PARK","Unit","Flat","910000","69.99","69.99","1 B/R","1","First Abu Dhabi Bank Metro Station","Mall of the Emirates","Motor City","1","1","","Opalz By Danube"
"102-11789-2023","2023-03-10 10:46:31","Sales","Sell - Pre registration","Off-Plan","Free Hold","Residential","Wadi Al Safa 7","Building","Villa","565704","54.04","54.04","1 B/R","","","","","1","1","","Rukan 3"
"102-11790-2023","2023-03-10 10:47:24","Sales","Sell - Pre registration","Off-Plan","Free Hold","Residential","BURJ KHALIFA","Unit","Flat","2000000","72.76","72.76","1 B/R","1","Buj Khalifa Dubai Mall Metro Station","Dubai Mall","Burj Khalifa","2","1","","Grande"
"102-11791-2023","2023-03-10 10:49:42","Sales","Sell - Pre registration","Off-Plan","Free Hold","Residential","ARJAN","Unit","Flat","721313","70.97","70.97","1 B/R","1","Sharaf Dg Metro Station","Mall of the Emirates","Motor City","1","1","","JOYA DORADO RESIDENCE"
"102-11792-2023","2023-03-10 10:55:36","Sales","Sell - Pre registration","Off-Plan","Free Hold","Residential","DUBAI CREEK HARBOUR","Unit","Flat","1200000","65.05","65.05","1 B/R","1","Creek Metro Station","City Centre Mirdif","Dubai International Airport","1","1","","Palace Residences - Dubai Creek Harbour"
"102-11793-2023","2023-03-10 10:58:49","Sales","Sell - Pre registration","Off-Plan","Free Hold","Residential","DUBAI SCIENCE PARK","Unit","Flat","608580","49.04","49.04","Studio","1","First Abu Dhabi Bank Metro Station","Mall of the Emirates","Motor City","1","1","","Opalz By Danube"
"102-11794-2023","2023-03-10 11:00:36","Sales","Sell - Pre registration","Off-Plan","Free Hold","Residential","AL FURJAN","Unit","Flat","670000","68.74","68.74","1 B/R","1  N/A","Ibn Battuta Metro Station","Ibn-e-Battuta Mall","Expo 2020 Site","1","1","","PG UPPERHOUSE"
"102-11795-2023","2023-03-10 11:04:13","Sales","Sell - Pre registration","Off-Plan","Free Hold","Residential","SOBHA HEARTLAND","Unit","Flat","2999059","152.67","152.67","3 B/R","1","Buj Khalifa Dubai Mall Metro Station","Dubai Mall","Downtown Dubai","2","1","","Sobha Creek Vistas Grande"
"102-11796-2023","2023-03-10 11:04:23","Sales","Sell - Pre registration","Off-Plan","Free Hold","Residential","SOBHA HEARTLAND","Unit","Flat","2468658","119.14","119.14","2 B/R","1","","","","2","1","","Sobha Hartland - The Crest"
"102-11797-2023","2023-03-10 11:04:34","Sales","Sell - Pre registration","Off-Plan","Free Hold","Residential","JUMEIRAH LAKES TOWERS","Unit","Flat","2380436","132.93","132.93","2 B/R","1","Jumeirah Lakes Towers","Marina Mall","Sports City Swimming Academy","1","1","","MBL Royal"
"102-11798-2023","2023-03-10 11:04:37","Sales","Sell - Pre registration","Off-Plan","Free Hold","Residential","Wadi Al Safa 5","Building","Villa","2102888","144.84","144.84","3 B/R","","","","","1","1","","Arabian Ranches lll - Anya"
"102-11799-2023","2023-03-10 11:05:00","Sales","Sell - Pre registration","Off-Plan","Free Hold","Residential","SOBHA HEARTLAND","Unit","Flat","2957976","152.67","152.67","3 B/R","1","Buj Khalifa Dubai Mall Metro Station","Dubai Mall","Downtown Dubai","2","1","","Sobha Creek Vistas Grande"
"102-11800-2023","2023-03-10 11:05:09","Sales","Sell - Pre registration","Off-Plan","Free Hold","Residential","Hadaeq Sheikh Mohammed Bin Rashid","Unit","Flat","2050888","98.74","98.74","2 B/R","1","","","","1","1","","Elvira"
"102-11801-2023","2023-03-10 11:05:19","Sales","Sell - Pre registration","Off-Plan","Free Hold","Residential","MEYDAN ONE","Unit","Flat","712320","31.48","31.48","Studio","1","Buj Khalifa Dubai Mall Metro Station","Dubai Mall","Downtown Dubai","1","1","","Azizi Riviera 44"
"102-11802-2023","2023-03-10 11:05:30","Sales","Sell - Pre registration","Off-Plan","Free Hold","Residential","MOTOR CITY","Unit","Flat","1290888","114.38","114.38","2 B/R","1","Dubai Internet City","Mall of the Emirates","Motor City","1","1","","The Community Motor City "
"102-11803-2023","2023-03-10 11:05:41","Sales","Sell - Pre registration","Off-Plan","Free Hold","Residential","Al Yufrah 1","Building","Villa","2310888","262.18","262.18","4 B/R","","","","","1","1","","The Valley - Elora"
"102-11804-2023","2023-03-10 11:05:50","Sales","Sell - Pre registration","Off-Plan","Free Hold","Residential","Al Yufrah 1","Building","Villa","1640888","137.76","137.76","3 B/R","","","","","2","1","","The Valley - Elora"
"102-11805-2023","2023-03-10 11:06:25","Sales","Sell - Pre registration","Off-Plan","Free Hold","Residential","Wadi Al Safa 3","Building","Villa","6327330.17","628.3","628.3","5 B/R","","","","","1","1","","CHORISIA 2 VILLAS"
"102-11806-2023","2023-03-10 11:07:12","Sales","Sell - Pre registration","Off-Plan","Free Hold","Residential","Wadi Al Safa 7","Building","Villa","329000","52.88","52.88","1 B/R","","","","","1","1","","Rukan 3"
"102-11807-2023","2023-03-10 11:08:49","Sales","Sell - Pre registration","Off-Plan","Free Hold","Residential","JUMEIRAH LAKES TOWERS","Unit","Flat","1676651","81.3","81.3","1 B/R","1","Jumeirah Lakes Towers","Marina Mall","Sports City Swimming Academy","1","1","","MBL Royal"
"102-11808-2023","2023-03-10 11:09:46","Sales","Sell - Pre registration","Off-Plan","Free Hold","Residential","DUBAI CREEK HARBOUR","Unit","Flat","1120000","70.57","70.57","1 B/R","1","Creek Metro Station","City Centre Mirdif","Dubai International Airport","1","1","","CREEK EDGE"
"102-11809-2023","2023-03-10 11:11:00","Sales","Sell - Pre registration","Off-Plan","Free Hold","Residential","Wadi Al Safa 7","Building","Villa","329000","69.33","69.33","1 B/R","","","","","1","1","","Rukan 3"
"102-11810-2023","2023-03-10 11:11:32","Sales","Sell - Pre registration","Off-Plan","Free Hold","Residential","Al Yufrah 1","Building","Villa","1665888","137.76","137.76","3 B/R","","","","","1","1","","The Valley - Elora"
"102-11811-2023","2023-03-10 11:12:15","Sales","Sell - Pre registration","Off-Plan","Free Hold","Residential","Wadi Al Safa 7","Building","Villa","356854","71.76","71.76","1 B/R","","","","","1","1","","Rukan 3"
"102-11812-2023","2023-03-10 11:13:03","Sales","Sell - Pre registration","Off-Plan","Free Hold","Residential","Al Yufrah 1","Building","Villa","2272888","315.19","315.19","4 B/R","","","","","1","1","","The Valley - Elora"
"102-11813-2023","2023-03-10 11:13:46","Sales","Sell - Pre registration","Off-Plan","Free Hold","Residential","DUBAI HILLS","Unit","Flat","1152888","60.26","60.26","1 B/R","1","First Abu Dhabi Bank Metro Station","Mall of the Emirates","Motor City","1","1","","Lime Gardens "
"102-11814-2023","2023-03-10 11:14:01","Sales","Sell - Pre registration","Off-Plan","Free Hold","Residential","Hadaeq Sheikh Mohammed Bin Rashid","Unit","Flat","1424888","65.4","65.4","1 B/R","1","","","","1","1","","Elvira"
"102-11815-2023","2023-03-10 11:19:39","Sales","Sell - Pre registration","Off-Plan","Free Hold","Residential","BUSINESS BAY","Unit","Flat","665000","35.18","35.15","Studio","B2-34","Buj Khalifa Dubai Mall Metro Station","Dubai Mall","Downtown Dubai","1","2","","15 Northside"
"102-11816-2023","2023-03-10 11:23:09","Sales","Sell - Pre registration","Off-Plan","Free Hold","Residential","AL FURJAN","Unit","Hotel Apartment","370000","36.93","36.93","Studio","1","Ibn Battuta Metro Station","Ibn-e-Battuta Mall","Expo 2020 Site","1","1","","Azizi Berton"
"102-11817-2023","2023-03-10 11:30:14","Sales","Sell - Pre registration","Off-Plan","Free Hold","Residential","JUMEIRAH BEACH RESIDENCE","Unit","Flat","9500000","192.08","192.08","3 B/R","2","Jumeirah Beach Resdency","Marina Mall","Burj Al Arab","2","1","","La Vie "
"102-11818-2023","2023-03-10 11:32:32","Sales","Sell - Pre registration","Off-Plan","Free Hold","Residential","Zaabeel First","Unit","Flat","10234000","238.41","238.41","2 B/R","2","","","","4","1","","One Za'abeel"
"102-11819-2023","2023-03-10 11:33:17","Sales","Sell - Pre registration","Off-Plan","Free Hold","Residential","DUBAI LAND RESIDENCE COMPLEX","Unit","Flat","349000","35.08","35.08","Studio","P2-15","","","IMG World Adventures","1","1","","BLUE WAVE"
"11-6898-2023","2023-03-09 15:31:17","Sales","Sale","Ready","Non Free Hold","Residential","Abu Hail","Land","Government Housing","1000000","232.26","232.26","","","Abu Baker Al Siddique Metro Station","","Dubai International Airport","1","1","",""
"11-6899-2023","2023-03-09 16:36:05","Sales","Sale","Ready","Free Hold","Residential","JUMEIRAH VILLAGE CIRCLE","Unit","Flat","760000","87.14","87.14","1 B/R","G-22","Dubai Internet City","Mall of the Emirates","Sports City Swimming Academy","1","5","",""
"11-6900-2023","2023-03-09 16:41:09","Sales","Sale","Ready","Free Hold","Residential","JUMEIRAH VILLAGE CIRCLE","Unit","Flat","495000","47.73","47.73","Studio","P1-37","Dubai Internet City","Mall of the Emirates","Sports City Swimming Academy","1","5","",""
"11-6901-2023","2023-03-09 16:44:49","Sales","Sale","Ready","Free Hold","Residential","JUMEIRAH VILLAGE CIRCLE","Unit","Flat","525000","43.81","43.81","Studio","P1-15","Dubai Internet City","Mall of the Emirates","Sports City Swimming Academy","1","5","",""
"11-6902-2023","2023-03-09 16:45:07","Sales","Sale","Ready","Free Hold","Residential","JUMEIRAH VILLAGE CIRCLE","Unit","Flat","525000","43.81","43.81","Studio","P1-15","Dubai Internet City","Mall of the Emirates","Sports City Swimming Academy","1","5","",""
"11-6903-2023","2023-03-09 16:47:44","Sales","Sale","Ready","Free Hold","Residential","JUMEIRAH VILLAGE CIRCLE","Unit","Flat","520000","51.33","51.33","Studio","P1-16","Dubai Internet City","Mall of the Emirates","Sports City Swimming Academy","1","5","",""
"11-6904-2023","2023-03-10 07:17:54","Sales","Sale","Ready","Free Hold","Residential","CITY WALK","Unit","Flat","3580000","178.71","178.71","2 B/R","B-244, B-245","Buj Khalifa Dubai Mall Metro Station","Dubai Mall","Burj Khalifa","1","1","","NO.9 & NO.10 CITYWALK RESIDENTIAL"
"11-6905-2023","2023-03-10 07:20:37","Sales","Sale","Ready","Free Hold","Residential","JUMEIRAH BEACH RESIDENCE","Unit","Flat","2113000","175.04","175.04","3 B/R","G47/ G48","Jumeirah Beach Residency","Marina Mall","Burj Al Arab","1","1","",""
"11-6906-2023","2023-03-10 07:39:33","Sales","Sale","Ready","Free Hold","Residential","DUBAI SOUTH","Unit","Flat","159000","20.8","41.59","Studio","B1-078","","","Expo 2020 Site","1","1","","CELESTIA"
"11-6907-2023","2023-03-10 07:40:04","Sales","Sale","Ready","Free Hold","Residential","JABEL ALI HILLS","Land","","1188000","1030.19","1030.19","","","","","Dubai Parks and Resorts","1","2","",""
"11-6908-2023","2023-03-10 07:40:07","Sales","Sale","Ready","Free Hold","Residential","JABEL ALI HILLS","Land","","1190000","1030.55","1030.55","","","","","Dubai Parks and Resorts","1","2","",""
"11-6909-2023","2023-03-10 07:40:28","Sales","Sale","Ready","Free Hold","Residential","BUSINESS BAY","Unit","Office","8420000","322.62","322.62","Office","B6-139 TO B6-142","Business Bay Metro Station","Dubai Mall","Downtown Dubai","1","1","","THE OPUS BY OMNIYAT"
"11-6911-2023","2023-03-10 08:13:44","Sales","Sale","Ready","Free Hold","Residential","MEYDAN AVENUE","Unit","Flat","3050000","260.28","260.28","3 B/R","G-32,G-33","Business Bay Metro Station","Dubai Mall","Downtown Dubai","1","1","","THE POLO RESIDENCE"
"11-6912-2023","2023-03-10 08:15:50","Sales","Sale","Ready","Free Hold","Residential","BURJ KHALIFA","Unit","Flat","2400000","71.31","71.31","1 B/R","L8-8119","Buj Khalifa Dubai Mall Metro Station","Dubai Mall","Burj Khalifa","1","1","","THE DUBAI MALL"
"11-6913-2023","2023-03-10 08:27:40","Sales","Sale","Ready","Free Hold","Residential","ARJAN","Unit","Office","385000","50.52","50.52","Office","B-105","Sharaf Dg Metro Station","Mall of the Emirates","Motor City","1","1","","DIAMOND BUSINESS CENTER"
"11-6914-2023","2023-03-10 08:29:27","Sales","Sale","Ready","Free Hold","Residential","JUMEIRAH VILLAGE CIRCLE","Unit","Flat","325000","55.37","55.37","Studio","B-80","Dubai Internet City","Mall of the Emirates","Sports City Swimming Academy","1","1","","TUSCAN RESIDENCE 1"
"11-6915-2023","2023-03-10 08:31:04","Sales","Sale","Ready","Free Hold","Residential","BURJ KHALIFA","Unit","Flat","1425000","66.31","66.31","1 B/R","P2-28","Buj Khalifa Dubai Mall Metro Station","Dubai Mall","Burj Khalifa","1","1","","DD STAND POINT"
"11-6916-2023","2023-03-10 08:33:55","Sales","Sale","Ready","Non Free Hold","Residential","Al Satwa","Land","Residential","5850000","234.67","234.67","","","Trade Centre Metro Station","Dubai Mall","Burj Khalifa","1","1","",""
"11-6917-2023","2023-03-10 08:39:28","Sales","Sale","Ready","Free Hold","Residential","BUSINESS BAY","Unit","Flat","2200000","140.73","140.73","2 B/R","P5-135","Buj Khalifa Dubai Mall Metro Station","Dubai Mall","Downtown Dubai","1","1","","DAMAC TOWERS BY PARAMOUNT"
"11-6918-2023","2023-03-10 08:41:17","Sales","Sale","Ready","Free Hold","Commercial","PALM JUMEIRAH","Land","Commercial","20000000","683.44","683.44","","","Palm Jumeirah","Marina Mall","Burj Al Arab","2","1","",""
"11-6919-2023","2023-03-10 08:42:36","Sales","Sale","Ready","Free Hold","Residential","JABEL ALI HILLS","Land","","1112000","963.39","963.39","","","","","Dubai Parks and Resorts","1","2","",""
"11-6920-2023","2023-03-10 08:45:17","Sales","Sale","Ready","Free Hold","Commercial","Warsan First","Land","Commercial","24650000","1547.83","1547.83","","","Rashidiya Metro Station","City Centre Mirdif","","1","2","",""
"11-6921-2023","2023-03-10 08:50:23","Sales","Sale","Ready","Free Hold","Residential","DUBAI MARINA","Unit","Flat","1300000","64.36","64.36","1 B/R","B4-103","Jumeirah Beach Resdency","Marina Mall","Burj Al Arab","2","2","","BAY CENTRAL WEST & CENTRAL TOWERS"
"11-6922-2023","2023-03-10 08:50:24","Sales","Sale","Ready","Non Free Hold","Residential","Nad Al Shiba Third","Land","","3200000","469.48","469.48","","","Creek Metro Station","City Centre Mirdif","","1","1","",""
"11-6923-2023","2023-03-10 08:50:40","Sales","Sale","Ready","Free Hold","Residential","PALM JUMEIRAH","Unit","Flat","2450000","144.34","144.34","2 B/R","B2-71","Palm Jumeirah","Marina Mall","Burj Al Arab","2","1","",""
"11-6924-2023","2023-03-10 08:51:59","Sales","Sale","Ready","Free Hold","Residential","DUBAI SPORTS CITY","Unit","Flat","290000","41.1","41.1","Studio","P3-249","Nakheel Metro Station","Marina Mall","Sports City Swimming Academy","1","2","","ELITE 3 SPORTS RESIDENCE"
"11-6925-2023","2023-03-10 08:56:41","Sales","Sale","Ready","Free Hold","Residential","ARJAN","Unit","Flat","1035000","109.61","109.61","2 B/R","G-240","Sharaf Dg Metro Station","Mall of the Emirates","Motor City","1","1","","THE WINGS"
"11-6926-2023","2023-03-10 08:57:04","Sales","Sale","Ready","Free Hold","Residential","DUBAI SPORTS CITY","Unit","Flat","490000","89.21","89.21","1 B/R","B1-116","Dubai Internet City","Marina Mall","Sports City Swimming Academy","1","1","","STADIUM POINT"
"11-6927-2023","2023-03-10 08:58:40","Sales","Sale","Ready","Free Hold","Residential","DISCOVERY GARDENS","Unit","Flat","315000","45","45","Studio","","Harbour Tower","Ibn-e-Battuta Mall","Sports City Swimming Academy","1","2","",""
"11-6928-2023","2023-03-10 09:04:24","Sales","Sale","Ready","Free Hold","Residential","BURJ KHALIFA","Unit","Flat","5350000","242.47","242.47","3 B/R","B2-191,B2-192","Business Bay Metro Station","Dubai Mall","Burj Khalifa","1","2","","BLVD HEIGHTS"
"11-6929-2023","2023-03-10 09:05:14","Sales","Sale","Ready","Free Hold","Residential","JUMEIRAH GOLF","Land","Residential","8600000","650","650","","","Damac Properties","Marina Mall","Sports City Swimming Academy","1","1","","ORANGE LAKE"
"11-6930-2023","2023-03-10 09:07:10","Sales","Sale","Ready","Free Hold","Residential","DUBAI MARINA","Unit","Flat","3500000","215.63","215.63","3 B/R","2","Jumeirah Beach Resdency","Marina Mall","Burj Al Arab","1","1","","MARINA QUAYS"
"11-6931-2023","2023-03-10 09:08:00","Sales","Sale","Ready","Free Hold","Residential","BUSINESS BAY","Unit","Flat","1450000","63.41","63.41","1 B/R","P2-44","Business Bay Metro Station","Dubai Mall","Burj Khalifa","1","1","","PARAMOUNT TOWER HOTEL & RESIDENCES"
"11-6932-2023","2023-03-10 09:10:31","Sales","Sale","Ready","Free Hold","Residential","DUBAI MARINA","Unit","Flat","3925000","419.74","419.74","3 B/R","BG-297","Jumeirah Beach Residency","Marina Mall","Sports City Swimming Academy","1","1","",""
"11-6933-2023","2023-03-10 09:10:35","Sales","Sale","Ready","Free Hold","Residential","THE GREENS","Unit","Flat","1820000","220.31","220.31","2 B/R","4","Dubai Internet City","Marina Mall","Burj Al Arab","1","2","",""
"11-6934-2023","2023-03-10 09:13:00","Sales","Sale","Ready","Free Hold","Residential","JUMEIRAH BEACH RESIDENCE","Unit","Hotel Apartment","9800000","173.26","173.26","3 B/R","B1-041, B1-040","Jumeirah Beach Residency","Marina Mall","Burj Al Arab","1","1","","Jumeirah Gate"
"11-6935-2023","2023-03-10 09:14:06","Sales","Sale","Ready","Free Hold","Residential","DUBAI MARINA","Unit","Flat","1901000","228.16","228.16","2 B/R","B2-20","Mina Seyahi","Marina Mall","Burj Al Arab","1","1","",""
"11-6936-2023","2023-03-10 09:16:07","Sales","Sale","Ready","Free Hold","Residential","DUBAI CREEK HARBOUR","Unit","Flat","1191000","73.44","73.44","1 B/R","B1-57","Creek Metro Station","Dubai Mall","Dubai International Airport","1","1","","The Cove"
"11-6937-2023","2023-03-10 09:17:13","Sales","Sale","Ready","Free Hold","Residential","Wadi Al Safa 3","Unit","Flat","325000","46.03","46.03","Studio","B-179","","","","1","1","","LIVING LEGENDS PHASE 7"
"11-6938-2023","2023-03-10 09:20:57","Sales","Sale","Ready","Free Hold","Residential","DUBAI MARINA","Unit","Flat","1015000","100.71","100.71","2 B/R","41  B2","Dubai Marina","Marina Mall","Burj Al Arab","1","1","",""
"11-6939-2023","2023-03-10 09:21:02","Sales","Sale","Ready","Non Free Hold","Commercial","Hor Al Anz","Land","Commercial","12000000","929.03","929.03","","","Abu Baker Al Siddique Metro Station","Dubai Mall","Dubai International Airport","1","1","",""
"11-6940-2023","2023-03-10 09:23:13","Sales","Sale","Ready","Free Hold","Residential","JUMEIRAH LAKES TOWERS","Unit","Office","843592","66.7","66.7","Office","L2 2050","Jumeirah Lakes Towers","Marina Mall","Sports City Swimming Academy","1","1","","AG TOWER"
"11-6941-2023","2023-03-10 09:23:51","Sales","Sale","Ready","Free Hold","Residential","DUBAI MARINA","Unit","Flat","4700000","181.8","181.8","3 B/R","B2-065, B2-066","Marina Towers","Marina Mall","Burj Al Arab","2","2","","THE RESIDENCES AT MARINA GATE 1"
"11-6942-2023","2023-03-10 09:26:28","Sales","Sale","Ready","Free Hold","Residential","JUMEIRAH VILLAGE CIRCLE","Unit","Flat","670000","63.81","63.81","1 B/R","P2-036","Dubai Internet City","Mall of the Emirates","Sports City Swimming Academy","1","1","","Bloom Towers"
"11-6943-2023","2023-03-10 09:26:54","Sales","Sale","Ready","Free Hold","Residential","INTERNATIONAL CITY PH 1","Unit","Flat","295000","73","73","1 B/R","","Rashidiya Metro Station","City Centre Mirdif","","1","1","",""
"11-6944-2023","2023-03-10 09:27:56","Sales","Sale","Ready","Free Hold","Residential","PEARL JUMEIRA","Unit","Flat","9000000","210.9","210.9","3 B/R","B34, B35","Trade Centre Metro Station","Dubai Mall","Burj Khalifa","1","2","","NB RESIDENCES"
"11-6945-2023","2023-03-10 09:28:11","Sales","Sale","Ready","Free Hold","Residential","JUMEIRAH LAKES TOWERS","Unit","Office","425000","72.17","72.17","NA","DMCC-2263","Jumeirah Lakes Towers","Marina Mall","Sports City Swimming Academy","1","1","","DUBAI STAR"
"11-6946-2023","2023-03-10 09:28:11","Sales","Sale","Ready","Non Free Hold","Commercial","Al Mararr","Land","Commercial","3100000","104.52","104.52","","","Baniyas Square Metro Station","Dubai Mall","Dubai International Airport","1","1","",""
"11-6947-2023","2023-03-10 09:31:05","Sales","Sale","Ready","Free Hold","Commercial","EMIRATE LIVING","Land","Commercial","5300000","646.51","646.51","","","Damac Properties","Marina Mall","Sports City Swimming Academy","2","3","",""
"11-6948-2023","2023-03-10 09:33:56","Sales","Sale","Ready","Free Hold","Residential","PALM JUMEIRAH","Unit","Hotel Rooms","1702042","57.5","57.5","Studio","","Palm Jumeirah","Marina Mall","Burj Al Arab","1","1","","VICEROY HOTEL RESORTS RESIDENCES"
"11-6949-2023","2023-03-10 09:35:41","Sales","Sale","Ready","Free Hold","Residential","JUMEIRAH LAKES TOWERS","Unit","Office","1230524","150.41","150.41","Office","1","Damac Properties","Marina Mall","Burj Al Arab","1","2","",""
"11-6950-2023","2023-03-10 09:36:03","Sales","Sale","Ready","Free Hold","Residential","INTERNATIONAL CITY PH 1","Unit","Flat","295000","66.5","66.5","1 B/R","","Rashidiya Metro Station","City Centre Mirdif","","1","1","",""
"11-6951-2023","2023-03-10 09:38:15","Sales","Sale","Ready","Free Hold","Residential","DUBAI MARINA","Unit","Flat","950000","41.4","41.4","Studio","B4-179","Jumeirah Beach Resdency","Marina Mall","Burj Al Arab","2","1","","BAY CENTRAL WEST & CENTRAL TOWERS"
"11-6952-2023","2023-03-10 09:38:35","Sales","Sale","Ready","Free Hold","Residential","BUSINESS BAY","Unit","Flat","1000000","102.1","102.1","1 B/R","539","Buj Khalifa Dubai Mall Metro Station","Dubai Mall","Downtown Dubai","2","1","","WINDSOR MANOR"
"11-6954-2023","2023-03-10 09:41:35","Sales","Sale","Ready","Free Hold","Residential","DUBAI HILLS","Unit","Flat","2050000","106.34","106.34","2 B/R","LG-226","First Abu Dhabi Bank Metro Station","Mall of the Emirates","Burj Al Arab","1","2","","ACACIA AT PARK HEIGHTS"
"11-6955-2023","2023-03-10 09:44:28","Sales","Sale","Ready","Free Hold","Residential","ARABIAN RANCHES I","Land","Residential","6900000","1015.62","1015.62","","","Sharaf Dg Metro Station","Mall of the Emirates","Motor City","2","1","",""
"11-6956-2023","2023-03-10 09:45:02","Sales","Sale","Ready","Free Hold","Residential","INTERNATIONAL CITY PH 1","Unit","Flat","320000","69","69","1 B/R","","Rashidiya Metro Station","City Centre Mirdif","Dubai International Airport","1","1","",""
"11-6957-2023","2023-03-10 09:46:07","Sales","Sale","Ready","Free Hold","Residential","AL FURJAN","Land","Residential","5600000","607.6","607.6","","","Ibn Battuta Metro Station","Ibn-e-Battuta Mall","Expo 2020 Site","1","1","",""
"11-6958-2023","2023-03-10 09:47:14","Sales","Sale","Ready","Free Hold","Residential","JUMEIRAH VILLAGE CIRCLE","Land","Residential","2750000","781.63","781.63","","","Dubai Internet City","Mall of the Emirates","Sports City Swimming Academy","2","1","",""
"11-6959-2023","2023-03-10 09:48:10","Sales","Sale","Ready","Free Hold","Residential","PALM JUMEIRAH","Unit","Flat","2070000","167.19","167.19","2 B/R","Building 5-B3-44","Palm Jumeirah","Marina Mall","Burj Al Arab","1","1","","GOLDEN MILE"
"11-6960-2023","2023-03-10 09:49:20","Sales","Sale","Ready","Free Hold","Residential","DUBAI MARINA","Unit","Flat","825000","85.26","85.26","1 B/R","P115","Mina Seyahi","Marina Mall","Burj Al Arab","2","1","","SULAFA TOWER"
"11-6961-2023","2023-03-10 09:49:20","Sales","Sale","Ready","Free Hold","Commercial","JUMEIRAH PARK","Land","Commercial","4650000","510","510","","","Damac Properties","Marina Mall","Sports City Swimming Academy","1","1","","JUMEIRAH PARK 7B&C"
"11-6962-2023","2023-03-10 09:51:03","Sales","Sale","Ready","Free Hold","Residential","JUMEIRAH LAKES TOWERS","Unit","Office","707341","115.59","115.59","Office","1,DMCC-3053","Marina Mall Metro Station","Marina Mall","Sports City Swimming Academy","1","1","","ARMADA TOWERS"
"11-6963-2023","2023-03-10 09:52:57","Sales","Sale","Ready","Free Hold","Residential","REMRAAM","Unit","Flat","1125000","137.38","137.38","3 B/R","G-36,G-35","","","Motor City","1","1","","REMRAAM"
"11-6964-2023","2023-03-10 09:52:59","Sales","Sale","Ready","Free Hold","Residential","DISCOVERY GARDENS","Unit","Flat","300000","45","45","Studio","","Harbour Tower","Ibn-e-Battuta Mall","Sports City Swimming Academy","1","1","",""
"11-6965-2023","2023-03-10 09:53:47","Sales","Sale","Ready","Free Hold","Residential","ARJAN","Unit","Flat","350000","56.97","56.97","Studio","P1-53","Sharaf Dg Metro Station","Mall of the Emirates","Motor City","1","2","","LINCOLN PARK ( NORTH SIDE)"
"11-6966-2023","2023-03-10 09:56:04","Sales","Sale","Ready","Free Hold","Residential","AL FURJAN","Land","Residential","2500000","224","224","","","Ibn Battuta Metro Station","Ibn-e-Battuta Mall","Expo 2020 Site","2","1","","AL FURJAN"
"11-6967-2023","2023-03-10 09:58:10","Sales","Sale","Ready","Free Hold","Residential","DAMAC HILLS","Unit","Flat","1300000","145.44","145.44","2 B/R","G-51","","","Motor City","1","1","","DAMAC HILLS - GOLF TERRACE"
"11-6968-2023","2023-03-10 10:01:51","Sales","Sale","Ready","Free Hold","Residential","JUMEIRAH LAKES TOWERS","Unit","Flat","790000","71.52","71.52","1 B/R","B2-23","Jumeirah Lakes Towers","Marina Mall","Sports City Swimming Academy","1","1","","GOLD CREST EXECUTIVE"
"11-6969-2023","2023-03-10 10:03:16","Sales","Sale","Ready","Free Hold","Residential","BUSINESS BAY","Unit","Flat","750000","43.8","43.8","1 B/R","G-39","Buj Khalifa Dubai Mall Metro Station","Dubai Mall","Downtown Dubai","1","1","","REVA RESIDENCES"
"11-6970-2023","2023-03-10 10:05:34","Sales","Sale","Ready","Free Hold","Residential","JUMEIRAH BEACH RESIDENCE","Unit","Flat","2450000","136.53","136.53","2 B/R","G377","Jumeirah Beach Residency","Marina Mall","Burj Al Arab","1","1","",""
"11-6971-2023","2023-03-10 10:09:55","Sales","Sale","Ready","Free Hold","Residential","Al Satwa","Land","","10560000","1115.56","1115.56","","","Emirates Towers Metro Station","Dubai Mall","Burj Khalifa","1","1","",""
"11-6972-2023","2023-03-10 10:10:46","Sales","Sale","Ready","Free Hold","Residential","JUMEIRAH VILLAGE CIRCLE","Unit","Flat","325000","46.45","46.45","Studio","B-9","Dubai Internet City","Mall of the Emirates","Sports City Swimming Academy","1","1","","EMIRATES GARDEN I - ROSE 1"
"11-6973-2023","2023-03-10 10:13:50","Sales","Sale","Ready","Free Hold","Residential","AL FURJAN","Land","Residential","1950000","600","600","","","Ibn Battuta Metro Station","Ibn-e-Battuta Mall","Expo 2020 Site","1","1","",""
"11-6974-2023","2023-03-10 10:15:28","Sales","Sale","Ready","Free Hold","Residential","JUMEIRAH VILLAGE CIRCLE","Unit","Flat","550000","44.2","44.2","Studio","B-45","Dubai Internet City","Marina Mall","Sports City Swimming Academy","1","1","","Beverly Residence"
"11-6975-2023","2023-03-10 10:17:06","Sales","Sale","Ready","Free Hold","Residential","DUBAI MARINA","Unit","Flat","2160000","78.93","78.93","1 B/R","B4-P41","Jumeirah Beach Resdency","Marina Mall","Burj Al Arab","1","2","","LIV RESIDENCE"
"11-6976-2023","2023-03-10 10:17:32","Sales","Sale","Ready","Free Hold","Commercial","DOWN TOWN JABAL ALI","Land","Commercial","46000000","3269.03","3269.03","","","UAE Exchange Metro Station","Ibn-e-Battuta Mall","Expo 2020 Site","1","1","",""
"11-6977-2023","2023-03-10 10:17:50","Sales","Sale","Ready","Free Hold","Residential","JUMEIRAH VILLAGE CIRCLE","Building","Villa","1550000","135.2","135.2","3 B/R","","Dubai Internet City","Mall of the Emirates","Sports City Swimming Academy","1","1","","MIRABELLA"
"11-6978-2023","2023-03-10 10:18:07","Sales","Sale","Ready","Free Hold","Residential","BURJ KHALIFA","Unit","Flat","4300000","130.02","130.02","2 B/R","BPB1-037","Buj Khalifa Dubai Mall Metro Station","Dubai Mall","Downtown Dubai","2","1","","Boulevard Point"
"11-6979-2023","2023-03-10 10:18:37","Sales","Sale","Ready","Free Hold","Residential","SUFOUH GARDENS","Unit","Flat","1250000","122.83","122.83","2 B/R","B-07","Dubai Internet City","Mall of the Emirates","Burj Al Arab","1","1","","J8"
"11-6980-2023","2023-03-10 10:18:44","Sales","Sale","Ready","Free Hold","Residential","DUBAI HILLS","Building","Villa","4000000","270.54","270.54","4 B/R","","First Abu Dhabi Bank Metro Station","Mall of the Emirates","Motor City","1","2","","MAPLE"
"11-6981-2023","2023-03-10 10:18:46","Sales","Sale","Ready","Free Hold","Residential","AL FURJAN","Unit","Flat","575000","81.63","81.63","1 B/R","P2-45","Ibn Battuta Metro Station","Ibn-e-Battuta Mall","Expo 2020 Site","1","1","","Azizi Samia Residence"
"11-6982-2023","2023-03-10 10:22:58","Sales","Sale","Ready","Free Hold","Residential","JUMEIRAH LAKES TOWERS","Unit","Flat","805000","45.41","45.41","Studio","DMCC-2283","Damac Properties","Marina Mall","Burj Al Arab","1","1","","SABA TOWER 2"
"11-6983-2023","2023-03-10 10:23:36","Sales","Sale","Ready","Free Hold","Residential","LIWAN","Unit","Flat","345000","68.01","68.01","1 B/R","G-33","","","IMG World Adventures","1","4","","QPOINT LIWAN-PLOT R051"
"11-6984-2023","2023-03-10 10:24:15","Sales","Sale","Ready","Free Hold","Residential","DUBAI MARINA","Unit","Flat","3240000","115.12","115.12","2 B/R","B3-P29","Jumeirah Beach Resdency","Marina Mall","Burj Al Arab","1","2","","LIV RESIDENCE"
"11-6985-2023","2023-03-10 10:29:33","Sales","Sale","Ready","Free Hold","Residential","DUBAI PRODUCTION CITY","Unit","Flat","260000","46.08","46.08","Studio","","Damac Properties","Marina Mall","Sports City Swimming Academy","1","1","","THE CRESCENT"
"11-6986-2023","2023-03-10 10:30:08","Sales","Sale","Ready","Free Hold","Residential","DAMAC HILLS","Unit","Flat","1480000","138.55","138.55","2 B/R","G-67","","","Motor City","1","2","","DAMAC HILLS - GOLF VISTA"
"11-6987-2023","2023-03-10 10:35:08","Sales","Sale","Ready","Free Hold","Residential","JUMEIRAH VILLAGE CIRCLE","Unit","Flat","405000","30.48","30.48","Studio","P4-200","Dubai Internet City","Mall of the Emirates","Sports City Swimming Academy","1","1","","Bloom Towers"
"11-6988-2023","2023-03-10 10:37:42","Sales","Sale","Ready","Free Hold","Residential","VILLANOVA","Building","Villa","1560000","158.19","158.19","2 B/R","","","","IMG World Adventures","1","1","","Villanova Amaranta "
"11-6989-2023","2023-03-10 10:42:43","Sales","Sale","Ready","Free Hold","Residential","JUMEIRAH VILLAGE CIRCLE","Unit","Flat","715000","82","82","1 B/R","P-84","Nakheel Metro Station","Marina Mall","Sports City Swimming Academy","1","1","","EATON PLACE"
"11-6990-2023","2023-03-10 10:42:47","Sales","Sale","Ready","Free Hold","Residential","DUBAI MARINA","Unit","Flat","1130000","80.11","80.11","1 B/R","P3-21","Mina Seyahi","Marina Mall","Burj Al Arab","1","1","","PRINCESS TOWER"
"11-6992-2023","2023-03-10 10:46:52","Sales","Sale","Ready","Free Hold","Commercial","PALM JUMEIRAH","Land","Commercial","17000000","657.32","657.32","","","Palm Jumeirah","Marina Mall","Burj Al Arab","1","1","",""
"11-6993-2023","2023-03-10 10:47:04","Sales","Sale","Ready","Free Hold","Residential","JUMEIRAH VILLAGE CIRCLE","Unit","Flat","810000","67.98","67.98","1 B/R","P3-12","Nakheel Metro Station","Marina Mall","Sports City Swimming Academy","1","1","","BLOOM HEIGHTS"
"11-6994-2023","2023-03-10 10:50:09","Sales","Sale","Ready","Free Hold","Residential","DUBAI MARINA","Unit","Flat","705000","72.33","72.33","1 B/R","B2-F1211","Jumeirah Lakes Towers","Marina Mall","Sports City Swimming Academy","1","1","",""
"11-6995-2023","2023-03-10 10:50:42","Sales","Sale","Ready","Free Hold","Residential","PALM JUMEIRAH","Unit","Flat","4100000","155.8","155.8","2 B/R","1063","Knowledge Village","Marina Mall","Burj Al Arab","1","1","","TIARA RESIDENCE"
"11-6996-2023","2023-03-10 10:55:02","Sales","Sale","Ready","Free Hold","Residential","AL FURJAN","Building","Villa","2800000","190.13","190.13","4 B/R","","ENERGY Metro Station","Ibn-e-Battuta Mall","Expo 2020 Site","1","3","",""
"11-6997-2023","2023-03-10 11:00:13","Sales","Sale","Ready","Free Hold","Residential","DUBAI MARINA","Unit","Flat","1025000","54.93","54.93","1 B/R","B2-154","Jumeirah Beach Residency","Marina Mall","Sports City Swimming Academy","1","2","","Studio One"
"11-6998-2023","2023-03-10 11:02:18","Sales","Sale","Ready","Free Hold","Residential","LIVING LEGENDS","Unit","Flat","4250000","333.76","333.76","2 B/R","G-44,G-45","","","IMG World Adventures","1","1","",""
"11-6999-2023","2023-03-10 11:03:27","Sales","Sale","Ready","Free Hold","Residential","DUBAI HEALTHCARE CITY - PHASE 2","Unit","Flat","515000","32.36","32.36","Studio","B-192","Healthcare City Metro Station","Dubai Mall","Downtown Dubai","1","1","","Farhad Azizi Residence"
"11-7001-2023","2023-03-10 11:09:08","Sales","Sale","Ready","Free Hold","Residential","DUBAI MARINA","Unit","Flat","1590000","56.42","56.42","1 B/R","B2-12","Jumeirah Lakes Towers","Marina Mall","Burj Al Arab","1","1","","SILVERENE"
"11-7002-2023","2023-03-10 11:09:10","Sales","Sale","Ready","Free Hold","Residential","DUBAI HILLS","Building","Villa","4050000","271","271","4 B/R","","First Abu Dhabi Bank Metro Station","Mall of the Emirates","Global Village","1","2","","Maple III"
"11-7003-2023","2023-03-10 11:10:36","Sales","Sale","Ready","Free Hold","Residential","JUMEIRAH BEACH RESIDENCE","Unit","Flat","4400000","178.9","178.9","3 B/R","M125-6","Jumeirah Beach Residency","Marina Mall","Burj Al Arab","1","1","",""
"11-7004-2023","2023-03-10 11:13:54","Sales","Sale","Ready","Free Hold","Residential","LA MER","Unit","Flat","13300000","304.12","304.12","4 B/R","G-022, G-023","Trade Centre Metro Station","Dubai Mall","Burj Khalifa","1","2","","Port de La Mer - Le Pont "
"11-7005-2023","2023-03-10 11:15:28","Sales","Sale","Ready","Free Hold","Residential","DUBAI MARINA","Unit","Flat","3300000","336.22","336.22","3 B/R","B2 - 138-139","Jumeirah Beach Residency","Marina Mall","Burj Al Arab","1","1","",""
"11-7006-2023","2023-03-10 11:16:07","Sales","Sale","Ready","Free Hold","Residential","JUMEIRAH LAKES TOWERS","Unit","Flat","480000","34.46","34.46","Studio","B5-173","Jumeirah Lakes Towers","Marina Mall","Sports City Swimming Academy","1","1","","GOLD CREST VIEWS2"
"11-7007-2023","2023-03-10 11:16:25","Sales","Sale","Ready","Free Hold","Residential","LIWAN 2","Land","","2175000","750.01","750.01","","","","","IMG World Adventures","1","1","",""
"11-7008-2023","2023-03-10 11:16:45","Sales","Sale","Ready","Free Hold","Residential","EMAAR SOUTH","Unit","Flat","1000000","155.86","155.86","2 B/R","G03-1, G03-2","","","Al Makhtoum International Airport","1","1","","URBANA"
"11-7009-2023","2023-03-10 11:16:56","Sales","Sale","Ready","Free Hold","Residential","AL FURJAN","Building","Villa","2800000","190.13","190.13","4 B/R","","ENERGY Metro Station","Ibn-e-Battuta Mall","Expo 2020 Site","1","3","",""
"11-7010-2023","2023-03-10 11:17:45","Sales","Sale","Ready","Free Hold","Residential","BUSINESS BAY","Unit","Flat","775000","75.96","75.96","1 B/R","B3-144","Business Bay Metro Station","Dubai Mall","Downtown Dubai","1","1","","THE COSMOPOLITAN"
"11-7011-2023","2023-03-10 11:18:34","Sales","Sale","Ready","Free Hold","Residential","PALM JUMEIRAH","Unit","Flat","2155600","187.58","187.58","2 B/R","CLG+119","Palm Jumeirah","Marina Mall","Burj Al Arab","2","1","","MARINA RESIDENCE"
"11-7012-2023","2023-03-10 11:22:50","Sales","Sale","Ready","Free Hold","Residential","THE GREENS","Unit","Flat","1225000","98.38","98.38","2 B/R","211","Dubai Internet City","Marina Mall","Burj Al Arab","1","1","",""
"11-7013-2023","2023-03-10 11:26:41","Sales","Sale","Ready","Free Hold","Residential","JUMEIRAH VILLAGE CIRCLE","Land","Residential","11554788","2350.4","2350.4","","","Dubai Internet City","Mall of the Emirates","Sports City Swimming Academy","6","1","",""
"11-7014-2023","2023-03-10 11:28:59","Sales","Sale","Ready","Free Hold","Residential","DUBAI HILLS","Building","Villa","4200000","298.99","298.99","5 B/R","","First Abu Dhabi Bank Metro Station","Mall of the Emirates","Motor City","1","1","","MAPLE"
"11-7015-2023","2023-03-10 11:29:26","Sales","Sale","Ready","Free Hold","Residential","Al Yelayiss 2","Building","Villa","2400000","270.42","270.42","4 B/R","","","","","2","1","","NASEEM TOWNHOUSES"
"11-7016-2023","2023-03-10 11:33:58","Sales","Sale","Ready","Free Hold","Residential","PALM JUMEIRAH","Unit","Flat","4150000","216.26","216.26","3 B/R","B-347 , B-348","Mina Seyahi","Marina Mall","Burj Al Arab","1","1","","BALQIS RESIDENCE"
"11-7017-2023","2023-03-10 11:35:11","Sales","Sale","Ready","Free Hold","Commercial","JUMEIRAH VILLAGE CIRCLE","Land","Commercial","11200000","1507.5","1507.5","","","Dubai Internet City","Marina Mall","Sports City Swimming Academy","4","1","",""
"11-7018-2023","2023-03-10 11:41:08","Sales","Sale","Ready","Free Hold","Residential","JUMEIRAH BEACH RESIDENCE","Unit","Flat","1650000","98.81","98.81","1 B/R","B060","Jumeirah Beach Residency","Marina Mall","Burj Al Arab","1","1","",""
"110-94-2023","2023-03-10 09:43:48","Sales","Lease to Own Registration","Ready","Free Hold","Residential","DUBAI MARINA","Unit","Flat","425000","111.86","111.86","2 B/R","1B","Jumeirah Lakes Towers","Marina Mall","Sports City Swimming Academy","1","1","",""
"110-94-2023","2023-03-10 09:43:48","Mortgage","Lease to Own Registration","Ready","Free Hold","Residential","DUBAI MARINA","Unit","Flat","425000","111.86","111.86","2 B/R","1B","Jumeirah Lakes Towers","Marina Mall","Sports City Swimming Academy","1","1","",""
"110-95-2023","2023-03-10 11:04:06","Mortgage","Lease to Own Registration","Ready","Free Hold","Residential","REMRAAM","Unit","Flat","560000","204.97","204.97","3 B/R","G-34,G-35","","","Motor City","1","2","","REMRAAM"
"110-95-2023","2023-03-10 11:04:06","Sales","Lease to Own Registration","Ready","Free Hold","Residential","REMRAAM","Unit","Flat","560000","204.97","204.97","3 B/R","G-34,G-35","","","Motor City","1","2","","REMRAAM"
"13-3676-2023","2023-03-09 15:16:54","Mortgage","Mortgage Registration","Ready","Non Free Hold","Residential","Al Barsha Second","Land","Residential","300000","1399.86","1399.86","","","Sharaf Dg Metro Station","Mall of the Emirates","Burj Al Arab","0","0","",""
"13-3677-2023","2023-03-10 07:51:16","Mortgage","Mortgage Registration","Ready","Non Free Hold","Residential","Al Goze Second","Land","","750000","953.06","953.06","","","","","","0","0","",""
"13-3678-2023","2023-03-10 08:01:17","Mortgage","Mortgage Registration","Ready","Non Free Hold","Residential","Nad Al Shiba Third","Land","","1300000","1115.02","1115.02","","","","","","0","0","",""
"13-3679-2023","2023-03-10 08:20:47","Mortgage","Mortgage Registration","Ready","Non Free Hold","Residential","Al Khawaneej Second","Land","","800000","744.2","744.2","","","","","","0","0","",""
"13-3680-2023","2023-03-10 08:37:31","Mortgage","Mortgage Registration","Ready","Free Hold","Residential","DUBAI HILLS","Land","Residential Flats","2900000","1001.46","1001.46","","","First Abu Dhabi Bank Metro Station","Mall of the Emirates","Global Village","0","0","",""
"13-3681-2023","2023-03-10 08:50:40","Mortgage","Mortgage Registration","Ready","Free Hold","Residential","PALM JUMEIRAH","Unit","Flat","2056032","144.34","144.34","2 B/R","B2-71","Palm Jumeirah","Marina Mall","Burj Al Arab","0","0","",""
"13-3682-2023","2023-03-10 08:56:41","Mortgage","Mortgage Registration","Ready","Free Hold","Residential","ARJAN","Unit","Flat","776250","109.61","109.61","2 B/R","G-240","Sharaf Dg Metro Station","Mall of the Emirates","Motor City","0","0","","THE WINGS"
"13-3683-2023","2023-03-10 09:04:39","Mortgage","Mortgage Registration","Ready","Free Hold","Residential","ARABIAN RANCHES III","Building","Villa","2010000","236.54","236.54","4 B/R","","","","Global Village","0","0","","Arabian Ranches III - SUN"
"13-3684-2023","2023-03-10 09:10:36","Mortgage","Mortgage Registration","Ready","Free Hold","Residential","THE GREENS","Unit","Flat","1543360","220.31","220.31","2 B/R","4","Dubai Internet City","Marina Mall","Burj Al Arab","0","0","",""
"13-3685-2023","2023-03-10 09:16:07","Mortgage","Mortgage Registration","Ready","Free Hold","Residential","DUBAI CREEK HARBOUR","Unit","Flat","1009120","73.44","73.44","1 B/R","B1-57","Creek Metro Station","Dubai Mall","Dubai International Airport","0","0","","The Cove"
"13-3686-2023","2023-03-10 09:23:52","Mortgage","Mortgage Registration","Ready","Free Hold","Residential","DUBAI MARINA","Unit","Flat","3900800","181.8","181.8","3 B/R","B2-065, B2-066","Marina Towers","Marina Mall","Burj Al Arab","0","0","","THE RESIDENCES AT MARINA GATE 1"
"13-3687-2023","2023-03-10 09:31:06","Mortgage","Mortgage Registration","Ready","Free Hold","Commercial","EMIRATE LIVING","Land","Commercial","2000000","646.51","646.51","","","Damac Properties","Marina Mall","Sports City Swimming Academy","0","0","",""
"13-3688-2023","2023-03-10 09:33:56","Mortgage","Mortgage Registration","Ready","Free Hold","Residential","PALM JUMEIRAH","Unit","Hotel Rooms","1355250","57.5","57.5","Studio","","Palm Jumeirah","Marina Mall","Burj Al Arab","0","0","","VICEROY HOTEL RESORTS RESIDENCES"
"13-3689-2023","2023-03-10 09:38:15","Mortgage","Mortgage Registration","Ready","Free Hold","Residential","DUBAI MARINA","Unit","Flat","720800","41.4","41.4","Studio","B4-179","Jumeirah Beach Resdency","Marina Mall","Burj Al Arab","0","0","","BAY CENTRAL WEST & CENTRAL TOWERS"
"13-3690-2023","2023-03-10 09:38:35","Mortgage","Mortgage Registration","Ready","Free Hold","Residential","BUSINESS BAY","Unit","Flat","848000","102.1","102.1","1 B/R","539","Buj Khalifa Dubai Mall Metro Station","Dubai Mall","Downtown Dubai","0","0","","WINDSOR MANOR"
"13-3691-2023","2023-03-10 09:47:15","Mortgage","Mortgage Registration","Ready","Free Hold","Residential","JUMEIRAH VILLAGE CIRCLE","Land","Residential","2100000","781.63","781.63","","","Dubai Internet City","Mall of the Emirates","Sports City Swimming Academy","0","0","",""
"13-3692-2023","2023-03-10 09:49:21","Mortgage","Mortgage Registration","Ready","Free Hold","Commercial","JUMEIRAH PARK","Land","Commercial","3720000","510","510","","","Damac Properties","Marina Mall","Sports City Swimming Academy","0","0","","JUMEIRAH PARK 7B&C"
"13-3693-2023","2023-03-10 09:52:57","Mortgage","Mortgage Registration","Ready","Free Hold","Residential","REMRAAM","Unit","Flat","800000","137.38","137.38","3 B/R","G-36,G-35","","","Motor City","0","0","","REMRAAM"
"13-3694-2023","2023-03-10 09:56:04","Mortgage","Mortgage Registration","Ready","Free Hold","Residential","AL FURJAN","Land","Residential","2123360","224","224","","","Ibn Battuta Metro Station","Ibn-e-Battuta Mall","Expo 2020 Site","0","0","","AL FURJAN"
"13-3695-2023","2023-03-10 10:13:51","Mortgage","Mortgage Registration","Ready","Free Hold","Residential","AL FURJAN","Land","Residential","1170000","600","600","","","Ibn Battuta Metro Station","Ibn-e-Battuta Mall","Expo 2020 Site","0","0","",""
"13-3696-2023","2023-03-10 10:15:29","Mortgage","Mortgage Registration","Ready","Free Hold","Residential","JUMEIRAH VILLAGE CIRCLE","Unit","Flat","466400","44.2","44.2","Studio","B-45","Dubai Internet City","Marina Mall","Sports City Swimming Academy","0","0","","Beverly Residence"
"13-3697-2023","2023-03-10 10:17:50","Mortgage","Mortgage Registration","Ready","Free Hold","Residential","JUMEIRAH VILLAGE CIRCLE","Building","Villa","900000","135.2","135.2","3 B/R","","Dubai Internet City","Mall of the Emirates","Sports City Swimming Academy","0","0","","MIRABELLA"
"13-3698-2023","2023-03-10 10:18:37","Mortgage","Mortgage Registration","Ready","Free Hold","Residential","SUFOUH GARDENS","Unit","Flat","1066028","122.83","122.83","2 B/R","B-07","Dubai Internet City","Mall of the Emirates","Burj Al Arab","0","0","","J8"
"13-3699-2023","2023-03-10 10:25:11","Mortgage","Mortgage Registration","Ready","Non Free Hold","Residential","Al Barshaa South First","Land","","300000","1114.84","1114.84","","","First Abu Dhabi Bank Metro Station","Mall of the Emirates","Motor City","0","0","",""
"13-3700-2023","2023-03-10 10:25:47","Mortgage","Mortgage Registration","Ready","Non Free Hold","Residential","Al Aweer First","Land","Government Housing","1900000","1325.8","1325.8","","","","","","0","0","",""
"13-3701-2023","2023-03-10 10:30:09","Mortgage","Mortgage Registration","Ready","Free Hold","Residential","DAMAC HILLS","Unit","Flat","1229600","138.55","138.55","2 B/R","G-67","","","Motor City","0","0","","DAMAC HILLS - GOLF VISTA"
"13-3702-2023","2023-03-10 10:37:42","Mortgage","Mortgage Registration","Ready","Free Hold","Residential","VILLANOVA","Building","Villa","1275000","158.19","158.19","2 B/R","","","","IMG World Adventures","0","0","","Villanova Amaranta "
"13-3703-2023","2023-03-10 10:41:18","Mortgage","Mortgage Registration","Ready","Non Free Hold","Residential","Wadi Alshabak","Land","Government Housing","2150000","1151.39","1151.39","","","","","","0","0","",""
"13-3704-2023","2023-03-10 10:42:44","Mortgage","Mortgage Registration","Ready","Free Hold","Residential","JUMEIRAH VILLAGE CIRCLE","Unit","Flat","607750","82","82","1 B/R","P-84","Nakheel Metro Station","Marina Mall","Sports City Swimming Academy","0","0","","EATON PLACE"
"13-3706-2023","2023-03-10 10:46:53","Mortgage","Mortgage Registration","Ready","Free Hold","Commercial","PALM JUMEIRAH","Land","Commercial","9900000","657.32","657.32","","","Palm Jumeirah","Marina Mall","Burj Al Arab","0","0","",""
"13-3707-2023","2023-03-10 10:48:30","Mortgage","Mortgage Registration","Ready","Free Hold","Residential","DUBAI SOUTH","Unit","Flat","500000","59.48","59.48","1 B/R","B-59","","","Expo 2020 Site","0","0","","The Pulse Residence Plaza"
"13-3709-2023","2023-03-10 11:16:45","Mortgage","Mortgage Registration","Ready","Free Hold","Residential","EMAAR SOUTH","Unit","Flat","805600","155.86","155.86","2 B/R","G03-1, G03-2","","","Al Makhtoum International Airport","0","0","","URBANA"
"13-3710-2023","2023-03-10 11:22:50","Mortgage","Mortgage Registration","Ready","Free Hold","Residential","THE GREENS","Unit","Flat","960000","98.38","98.38","2 B/R","211","Dubai Internet City","Marina Mall","Burj Al Arab","0","0","",""
"13-3711-2023","2023-03-10 11:29:26","Mortgage","Mortgage Registration","Ready","Free Hold","Residential","Al Yelayiss 2","Building","Villa","1850000","270.42","270.42","4 B/R","","","","","0","0","","NASEEM TOWNHOUSES"
"13-3712-2023","2023-03-10 11:33:55","Mortgage","Mortgage Registration","Ready","Free Hold","Residential","DUBAI MARINA","Unit","Flat","825000","86.31","86.31","1 B/R","51","Jumeirah Lakes Towers","Marina Mall","Burj Al Arab","0","0","",""
"14-239-2023","2023-03-10 09:31:47","Mortgage","Modify Mortgage","Ready","Free Hold","Residential","VILLANOVA","Land","Residential","2700000","517.61","517.61","","","","","IMG World Adventures","0","0","","La Quinta"
"14-240-2023","2023-03-10 10:07:40","Mortgage","Modify Mortgage","Ready","Free Hold","Commercial","JUMEIRAH GOLF","Land","Commercial","11561842.7","892.91","892.91","","","Harbour Tower","Ibn-e-Battuta Mall","Sports City Swimming Academy","0","0","",""
"14-241-2023","2023-03-10 10:25:45","Mortgage","Modify Mortgage","Ready","Free Hold","Residential","DUBAI WATER FRONT","Land","Residential","4285000","749.03","749.03","","","UAE Exchange Metro Station","","Dubai Parks and Resorts","0","0","",""
"14-242-2023","2023-03-10 10:53:07","Mortgage","Modify Mortgage","Ready","Non Free Hold","Commercial","Al Hamriya","Land","Commercial","42000000","2620.61","2620.61","","","Burjuman Metro Station","Dubai Mall","Dubai International Airport","0","0","",""
"14-243-2023","2023-03-10 10:53:39","Mortgage","Modify Mortgage","Ready","Non Free Hold","Commercial","Al Suq Al Kabeer","Land","Commercial","53000000","838.91","838.91","","","Al Ghubaiba Metro Station","Dubai Mall","Burj Khalifa","0","0","",""
"190-301-2023","2023-03-10 08:12:30","Mortgage","Delayed Mortgage","Ready","Free Hold","Residential","BURJ KHALIFA","Unit","Flat","1529700","88.37","88.37","2 B/R","P1-129","Buj Khalifa Dubai Mall Metro Station","Dubai Mall","Downtown Dubai","0","0","","Burj Royale"
"190-302-2023","2023-03-10 09:22:59","Mortgage","Delayed Mortgage","Ready","Free Hold","Residential","DUBAI SCIENCE PARK","Unit","Flat","438750","57.7","57.7","1 B/R","B2-095","First Abu Dhabi Bank Metro Station","Mall of the Emirates","Motor City","0","0","","BELLA ROSE"
"190-303-2023","2023-03-10 09:38:03","Mortgage","Delayed Mortgage","Ready","Free Hold","Residential","JUMEIRAH VILLAGE CIRCLE","Unit","Flat","507386","100.26","100.26","1 B/R","G88","Nakheel Metro Station","Marina Mall","Sports City Swimming Academy","0","0","","Luma21"
"190-304-2023","2023-03-10 09:48:50","Mortgage","Delayed Mortgage","Ready","Free Hold","Residential","DAMAC HILLS","Land","Residential","3471500","514.83","514.83","","","","","Motor City","0","0","","DAMAC HILLS-VENETO"
"190-305-2023","2023-03-10 11:27:16","Mortgage","Delayed Mortgage","Ready","Free Hold","Residential","Al Kifaf","Unit","Flat","1200000","85.83","85.83","1 B/R","B2-85","Al Jafiliya Metro Station","Dubai Mall","Burj Khalifa","0","0","","1 Residences "
"219-28-2023","2023-03-10 10:10:05","Gifts","Grant on Delayed Sell","Ready","Free Hold","Residential","DUBAI MARINA","Unit","Flat","8535906.97","350.33","350.33","4 B/R","B2-21, B2-22","Jumeirah Beach Residency","Marina Mall","Sports City Swimming Academy","0","0","","STELLA MARIS"
"219-29-2023","2023-03-10 11:17:45","Gifts","Grant on Delayed Sell","Ready","Free Hold","Residential","Zaabeel Second","Unit","Flat","705653.01","34.56","69.13","1 B/R","B-38","Financial Centre","Dubai Mall","Burj Khalifa","0","0","","Downtown Views II"
"39-90-2023","2023-03-10 08:34:18","Mortgage","Development Mortgage","Ready","Non Free Hold","Residential","SILICON OASIS","Unit","Flat","720800","189.52","189.52","2 B/R","M-20, M-32","","","IMG World Adventures","0","0","","BINGHATTI VIEWS"
"39-91-2023","2023-03-10 10:13:08","Mortgage","Development Mortgage","Ready","Non Free Hold","Residential","DUBAI INVESTMENT PARK FIRST","Building","Villa","3295600","1014.69","1014.69","4 B/R","","DANUBE Metro Station","Ibn-e-Battuta Mall","Expo 2020 Site","0","0","",""
"39-92-2023","2023-03-10 10:47:12","Mortgage","Development Mortgage","Ready","Non Free Hold","Commercial","DUBAI INVESTMENT PARK SECOND","Land","Commercial","16170000","3613.68","3613.68","","","","","Expo 2020 Site","0","0","",""
"41-5105-2023","2023-03-09 20:34:06","Sales","Delayed Sell","Ready","Free Hold","Residential","Madinat Al Mataar","Land","Airport","3042888","461.75","461.75","","","","","","1","1","","Fairway Villas"
"41-5106-2023","2023-03-09 20:47:57","Sales","Delayed Sell","Ready","Free Hold","Residential","Jabal Ali First","Unit","Flat","843777","70.82","70.82","2 B/R","T1-G-7","ENERGY Metro Station","Ibn-e-Battuta Mall","Expo 2020 Site","1","1","","The Nook"
"41-5107-2023","2023-03-10 06:46:54","Sales","Delayed Sell","Ready","Free Hold","Residential","Al Hebiah Fifth","Land","Residential","2301000","144.01","144.01","","","","","","1","1","","DAMAC LAGOONS - IBIZA"
"41-5108-2023","2023-03-10 07:25:35","Sales","Delayed Sell","Ready","Free Hold","Residential","Madinat Al Mataar","Land","Airport","4293888","499.28","499.28","","","","","","2","1","","Fairway Villas"
"41-5109-2023","2023-03-10 07:31:12","Sales","Delayed Sell","Ready","Free Hold","Residential","Jabal Ali First","Unit","Flat","604777","48.61","48.61","1 B/R","T1-P2-92","ENERGY Metro Station","Ibn-e-Battuta Mall","Expo 2020 Site","2","1","","The Nook"
"41-5110-2023","2023-03-10 08:00:39","Sales","Delayed Sell","Ready","Free Hold","Residential","Al Hebiah Fifth","Land","Residential","2605000","222.77","222.77","","","","","","1","1","","DAMAC LAGOONS - MONTE CARLO"
"41-5111-2023","2023-03-10 08:01:57","Sales","Delayed Sell","Ready","Free Hold","Residential","Madinat Al Mataar","Land","Airport","4305888","516.19","516.19","","","","","","1","1","","Fairway Villas"
"41-5112-2023","2023-03-10 08:03:54","Sales","Delayed Sell","Ready","Free Hold","Residential","Al Hebiah Fifth","Land","Residential","1993350","144","144","","","","","","1","1","","DAMAC LAGOONS - MARBELLA"
"41-5113-2023","2023-03-10 08:12:30","Sales","Delayed Sell","Ready","Free Hold","Residential","BURJ KHALIFA","Unit","Flat","2150000","88.37","88.37","2 B/R","P1-129","Buj Khalifa Dubai Mall Metro Station","Dubai Mall","Downtown Dubai","1","1","","Burj Royale"
"41-5114-2023","2023-03-10 08:16:12","Sales","Delayed Sell","Ready","Free Hold","Residential","Al Hebiah Fifth","Land","Residential","2755770","219.6","219.6","","","","","","1","1","","DAMAC LAGOONS - MARBELLA"
"41-5115-2023","2023-03-10 08:23:41","Sales","Delayed Sell","Ready","Free Hold","Commercial","Jabal Ali First","Land","Commercial","2200000","238","238","","","","","","2","2","","Murooj Al Furjan 2 "
"41-5116-2023","2023-03-10 08:32:03","Sales","Delayed Sell","Ready","Free Hold","Commercial","JUMEIRAH VILLAGE CIRCLE","Land","Commercial","20000000","2386.95","2386.95","","","Dubai Internet City","Marina Mall","Sports City Swimming Academy","1","1","","Binghatti House"
"41-5117-2023","2023-03-10 08:37:26","Sales","Delayed Sell","Ready","Free Hold","Residential","DUBAI HILLS","Unit","Flat","2104888","126.18","126.18","2 B/R","B1-1420","First Abu Dhabi Bank Metro Station","Mall of the Emirates","Burj Al Arab","1","1","","PARK RIDGE"
"41-5118-2023","2023-03-10 08:38:49","Sales","Delayed Sell","Ready","Free Hold","Residential","Madinat Al Mataar","Land","Airport","3190888","544.99","544.99","","","","","","1","1","","Fairway Villas"
"41-5119-2023","2023-03-10 08:41:07","Sales","Delayed Sell","Ready","Free Hold","Residential","DAMAC HILLS","Land","Residential","1776440","150","150","","","","","Motor City","1","1","","DAMAC HILLS-PARK RESIDENCES 1"
"41-5120-2023","2023-03-10 08:41:42","Sales","Delayed Sell","Ready","Free Hold","Residential","Al Hebiah Fifth","Land","Residential","2189000","144","144","","","","","","2","1","","DAMAC LAGOONS - IBIZA"
"41-5121-2023","2023-03-10 08:43:27","Sales","Delayed Sell","Ready","Free Hold","Residential","DUBAI HARBOUR","Unit","Flat","4800000","112.11","112.11","2 B/R","P2-13","","","","1","1","","BEACH VISTA"
"41-5122-2023","2023-03-10 08:43:38","Sales","Delayed Sell","Ready","Free Hold","Residential","Al Hebiah Fifth","Land","Residential","2800000","219.61","219.61","","","","","","1","1","","DAMAC LAGOONS - IBIZA"
"41-5123-2023","2023-03-10 08:46:08","Sales","Delayed Sell","Ready","Free Hold","Residential","Al Hebiah Fifth","Land","Residential","2915000","219.99","219.99","","","","","","2","1","","DAMAC LAGOONS - MONTE CARLO"
"41-5124-2023","2023-03-10 08:49:59","Sales","Delayed Sell","Ready","Free Hold","Residential","Al Hebiah Fifth","Land","Residential","2110000","144.01","144.01","","","","","","1","1","","DAMAC LAGOONS - IBIZA"
"41-5125-2023","2023-03-10 08:51:57","Sales","Delayed Sell","Ready","Free Hold","Residential","Al Hebiah Fifth","Land","Residential","2269000","144.02","144.02","","","","","","1","1","","DAMAC LAGOONS - IBIZA"
"41-5126-2023","2023-03-10 08:52:33","Sales","Delayed Sell","Ready","Free Hold","Residential","BURJ KHALIFA","Unit","Hotel Apartment","6692888","186.93","186.93","3 B/R","L1-3 ,L1-31","Business Bay Metro Station","Dubai Mall","Downtown Dubai","1","1","","VIDA RESIDENCE DOWNTOWN DUBAI"
"41-5127-2023","2023-03-10 08:52:36","Sales","Delayed Sell","Ready","Free Hold","Residential","JUMEIRAH GOLF","Unit","Flat","1428960","127.18","127.18","2 B/R","PH2-1LG-100","Damac Properties","Marina Mall","Sports City Swimming Academy","1","1","",""
"41-5128-2023","2023-03-10 08:56:00","Sales","Delayed Sell","Ready","Free Hold","Residential","Al Hebiah Fifth","Land","Residential","2821000","238.88","238.88","","","","","","1","1","","DAMAC LAGOONS - IBIZA"
"41-5129-2023","2023-03-10 08:56:06","Sales","Delayed Sell","Ready","Free Hold","Residential","Al Kifaf","Unit","Flat","2144207","118.28","118.28","2 B/R","B3-159","Al Jafiliya Metro Station","Dubai Mall","Burj Khalifa","1","1","","1 Residences "
"41-5130-2023","2023-03-10 08:57:46","Sales","Delayed Sell","Ready","Free Hold","Residential","Al Hebiah Fifth","Land","Residential","2608000","219.6","219.6","","","","","","1","1","","DAMAC LAGOONS - MARBELLA"
"41-5131-2023","2023-03-10 08:59:27","Sales","Delayed Sell","Ready","Free Hold","Residential","TILAL AL GHAF","Land","General Use","4440000","428.97","428.97","","","","","","1","1","","Harmony"
"41-5132-2023","2023-03-10 08:59:46","Sales","Delayed Sell","Ready","Free Hold","Residential","Al Hebiah Fifth","Land","Residential","9293340","646.97","646.97","","","","","","1","1","","DAMAC LAGOONS - VENICE (1)"
"41-5133-2023","2023-03-10 09:03:21","Sales","Delayed Sell","Ready","Free Hold","Residential","Al Hebiah Fifth","Land","Residential","2689000","219.63","219.63","","","","","","1","1","","DAMAC LAGOONS - MARBELLA"
"41-5134-2023","2023-03-10 09:07:54","Sales","Delayed Sell","Ready","Free Hold","Residential","DAMAC HILLS","Land","Residential","2800000","247.68","247.68","","","","","Motor City","2","1","","DAMAC HILLS-BEL AIR"
"41-5135-2023","2023-03-10 09:08:05","Sales","Delayed Sell","Ready","Free Hold","Residential","DUBAI CREEK HARBOUR","Unit","Hotel Apartment","2780000","102.44","102.44","2 B/R","B1-T2-437","Creek Metro Station","City Centre Mirdif","Dubai International Airport","1","1","","ADDRESS HARBOUR POINT"
"41-5136-2023","2023-03-10 09:09:15","Sales","Delayed Sell","Ready","Free Hold","Residential","JUMEIRAH GOLF","Unit","Flat","1477344","133.38","133.38","2 B/R","PH2-1LG-102","Damac Properties","Marina Mall","Sports City Swimming Academy","1","1","",""
"41-5137-2023","2023-03-10 09:19:14","Sales","Delayed Sell","Ready","Free Hold","Residential","Jabal Ali First","Unit","Flat","843777","70.82","70.82","2 B/R","T1-P1-38","ENERGY Metro Station","Ibn-e-Battuta Mall","Expo 2020 Site","1","1","","The Nook"
"41-5138-2023","2023-03-10 09:20:48","Sales","Delayed Sell","Ready","Free Hold","Residential","Al Hebiah Fifth","Land","Residential","2871000","231.09","231.09","","","","","","1","1","","DAMAC LAGOONS - IBIZA"
"41-5140-2023","2023-03-10 09:24:26","Sales","Delayed Sell","Ready","Free Hold","Residential","Al Hebiah Fifth","Land","Residential","2871000","231.62","231.62","","","","","","1","1","","DAMAC LAGOONS - IBIZA"
"41-5141-2023","2023-03-10 09:32:56","Sales","Delayed Sell","Ready","Free Hold","Residential","DUBAI HARBOUR","Unit","Flat","2600000","68.94","68.94","1 B/R","P5-14","","","","1","1","","MARINA VISTA"
"41-5142-2023","2023-03-10 09:34:06","Sales","Delayed Sell","Ready","Free Hold","Residential","DUBAI CREEK HARBOUR","Unit","Flat","4941544.05","268.44","268.44","4 B/R","B1-108,B1-109","","","","1","1","","HARBOUR VIEWS"
"41-5144-2023","2023-03-10 09:38:52","Sales","Delayed Sell","Ready","Free Hold","Residential","Al Kifaf","Unit","Flat","1569964","82.52","82.52","1 B/R","3F-47","Al Jafiliya Metro Station","Dubai Mall","Burj Khalifa","1","1","","1 Residences "
"41-5145-2023","2023-03-10 09:48:50","Sales","Delayed Sell","Ready","Free Hold","Residential","DAMAC HILLS","Land","Residential","6550000","514.83","514.83","","","","","Motor City","1","1","","DAMAC HILLS-VENETO"
"41-5146-2023","2023-03-10 10:06:26","Sales","Delayed Sell","Ready","Free Hold","Residential","DUBAI CREEK HARBOUR","Unit","Hotel Apartment","3250000","102.4","102.4","2 B/R","B2-T2-273","Creek Metro Station","City Centre Mirdif","Dubai International Airport","1","2","","ADDRESS HARBOUR POINT"
"41-5147-2023","2023-03-10 10:11:46","Sales","Delayed Sell","Ready","Free Hold","Residential","Al Hebiah Fifth","Land","Residential","1600000","144","144","","","","","","2","2","","DAMAC LAGOONS - SANTORINI (2)"
"41-5148-2023","2023-03-10 10:43:10","Sales","Delayed Sell","Ready","Free Hold","Residential","Al Kifaf","Unit","Flat","2174249","130.12","130.12","2 B/R","B3-86","Al Jafiliya Metro Station","Dubai Mall","Burj Khalifa","2","1","","1 Residences "
"41-5149-2023","2023-03-10 10:55:05","Sales","Delayed Sell","Ready","Free Hold","Residential","DUBAI HILLS","Land","Residential Flats","25500000","1282.21","1282.21","","","Noor Bank Metro Station","Mall of the Emirates","IMG World Adventures","1","1","","Golf Place ll"
"41-5150-2023","2023-03-10 10:58:54","Sales","Delayed Sell","Ready","Free Hold","Commercial","Jabal Ali First","Land","Commercial","4000000","569.95","569.95","","","","","","1","1","","Murooj Al Furjan 1"
"41-5151-2023","2023-03-10 11:02:35","Sales","Delayed Sell","Ready","Free Hold","Residential","Al Kifaf","Unit","Flat","2125562","118.28","118.28","2 B/R","B3-158","Al Jafiliya Metro Station","Dubai Mall","Burj Khalifa","1","1","","1 Residences "
"41-5152-2023","2023-03-10 11:03:16","Sales","Delayed Sell","Ready","Free Hold","Residential","Madinat Al Mataar","Land","Airport","4108888","534","534","","","","","","1","1","","Fairway Villas"
"41-5153-2023","2023-03-10 11:04:48","Sales","Delayed Sell","Ready","Free Hold","Residential","Al Kifaf","Unit","Flat","1574395","83.42","83.42","1 B/R","B1-149","Al Jafiliya Metro Station","Dubai Mall","Burj Khalifa","1","1","","1 Residences "
"41-5154-2023","2023-03-10 11:05:51","Sales","Delayed Sell","Ready","Free Hold","Residential","Al Kifaf","Unit","Flat","1637042","86.74","86.74","1 B/R","B1-150","Al Jafiliya Metro Station","Dubai Mall","Burj Khalifa","1","1","","1 Residences "
"41-5155-2023","2023-03-10 11:06:03","Sales","Delayed Sell","Ready","Free Hold","Residential","Madinat Al Mataar","Land","Airport","3176888","726.81","726.81","","","","","","1","1","","Fairway Villas"
"41-5156-2023","2023-03-10 11:06:16","Sales","Delayed Sell","Ready","Free Hold","Residential","Al Kifaf","Unit","Flat","1737430","85.83","85.83","1 B/R","2F-35","Al Jafiliya Metro Station","Dubai Mall","Burj Khalifa","1","1","","1 Residences "
"41-5157-2023","2023-03-10 11:06:26","Sales","Delayed Sell","Ready","Free Hold","Residential","Al Hebiah Fifth","Land","Residential","2253000","144","144","","","","","","1","1","","DAMAC LAGOONS - IBIZA"
"41-5158-2023","2023-03-10 11:06:38","Sales","Delayed Sell","Ready","Free Hold","Residential","Madinat Al Mataar","Land","Airport","3169888","469.08","469.08","","","","","","2","1","","Fairway Villas"
"41-5159-2023","2023-03-10 11:10:12","Sales","Delayed Sell","Ready","Free Hold","Residential","Al Kifaf","Unit","Flat","1386454","82.52","82.52","1 B/R","B3-11","Al Jafiliya Metro Station","Dubai Mall","Burj Khalifa","1","1","","1 Residences "
"41-5160-2023","2023-03-10 11:11:54","Sales","Delayed Sell","Ready","Free Hold","Residential","Jabal Ali First","Unit","Flat","857777","71.7","71.7","2 B/R","T1-P2-102","ENERGY Metro Station","Ibn-e-Battuta Mall","Expo 2020 Site","2","1","","The Nook"
"41-5161-2023","2023-03-10 11:21:07","Sales","Delayed Sell","Ready","Free Hold","Residential","Al Hebiah Third","Land","Residential","2000000","232.5","232.5","","","","","","1","1","","DAMAC HILLS-BEL AIR"
"45-273-2023","2023-03-10 08:09:48","Sales","Sell Development","Ready","Non Free Hold","Commercial","DUBAI INVESTMENT PARK SECOND","Land","Commercial","16750000","8890.3","8890.3","","","","","Expo 2020 Site","1","1","",""
"45-274-2023","2023-03-10 08:34:18","Sales","Sell Development","Ready","Non Free Hold","Residential","SILICON OASIS","Unit","Flat","950000","189.52","189.52","2 B/R","M-20, M-32","","","IMG World Adventures","2","1","","BINGHATTI VIEWS"
"45-275-2023","2023-03-10 10:13:08","Sales","Sell Development","Ready","Non Free Hold","Residential","DUBAI INVESTMENT PARK FIRST","Building","Villa","4200000","1014.69","1014.69","4 B/R","","DANUBE Metro Station","Ibn-e-Battuta Mall","Expo 2020 Site","1","2","",""
"56-20-2023","2023-03-10 08:16:40","Mortgage","Modify Development Mortgage","Ready","Non Free Hold","Commercial","DUBAI INVESTMENT PARK SECOND","Land","Commercial","33106700","3061","3061","","","","","Expo 2020 Site","0","0","",""
"56-21-2023","2023-03-10 08:31:14","Mortgage","Modify Development Mortgage","Ready","Non Free Hold","Commercial","DUBAI INVESTMENT PARK SECOND","Land","Commercial","32670000","3060.73","3060.73","","","","","Expo 2020 Site","0","0","",""
"9-1635-2023","2023-03-10 08:05:33","Gifts","Grant","Ready","Free Hold","Residential","DUBAI LAND RESIDENCE COMPLEX","Unit","Flat","195251.99","39.93","78.29","1 B/R","P1 B94","","","IMG World Adventures","0","0","","SKY COURTS"
"9-1636-2023","2023-03-10 09:01:17","Gifts","Grant","Ready","Free Hold","Residential","THE GREENS","Unit","Flat","959671.18","113.31","226.63","2 B/R","243.","Dubai Internet City","Marina Mall","Burj Al Arab","0","0","",""
"9-1637-2023","2023-03-10 09:06:06","Gifts","Grant","Ready","Free Hold","Residential","PALM JUMEIRAH","Unit","Flat","1455709.69","99.39","198.62","3 B/R","B2-106,B2-107","Palm Jumeirah","Marina Mall","Burj Al Arab","0","0","",""
"9-1638-2023","2023-03-10 09:08:00","Gifts","Grant","Ready","Free Hold","Commercial","PALM JUMEIRAH","Land","Commercial","20000000","686.59","686.59","","","Mina Seyahi","Marina Mall","Burj Al Arab","0","0","",""
"9-1639-2023","2023-03-10 09:32:56","Gifts","Grant","Ready","Free Hold","Residential","PALM JUMEIRAH","Unit","Flat","2604845.73","122.68","122.68","1 B/R","B2-114","Palm Jumeirah","Marina Mall","Burj Al Arab","0","0","","FAIRMONT PALM RESIDENCE"
"9-1640-2023","2023-03-10 09:40:34","Gifts","Grant","Ready","Free Hold","Residential","DAMAC HILLS","Unit","Flat","546051.52","40.69","40.69","1 B/R","P1-89","","","Motor City","0","0","","DAMAC HILLS - GOLF VITA"
"9-1641-2023","2023-03-10 10:25:01","Gifts","Grant","Ready","Free Hold","Residential","THE GREENS","Unit","Flat","19653.51","1.93","192.9","3 B/R","T2-B-09 , T2-B-10","Dubai Internet City","Marina Mall","Burj Al Arab","0","0","",""
"9-1642-2023","2023-03-10 10:53:20","Gifts","Grant","Ready","Free Hold","Residential","BURJ KHALIFA","Unit","Flat","782358.38","46.92","93.83","1 B/R","B-2020","Buj Khalifa Dubai Mall Metro Station","Dubai Mall","Downtown Dubai","0","0","",""
"9-1643-2023","2023-03-10 11:40:12","Gifts","Grant","Ready","Free Hold","Residential","BUSINESS BAY","Unit","Flat","14032553.31","468.54","468.54","2 B/R","L2-05,L2-06","Business Bay Metro Station","Dubai Mall","Downtown Dubai","0","0","","VOLANTE"
